Species,Title,Institution,Study Title,Size (Mb),Library Name,Library Strategy,Library Source,Accession,Link
Apotolamprus quadrinotatus,ApquaSTL5006,University of Helsinki,Historical DNA of Dung Beatles (Coleoptera:Scarabaeidae:Scarabaeinae),302.88,S3987,Targeted-Capture,GENOMIC,SRX22207633,https://www.ncbi.nlm.nih.gov/sra/SRX22207633[accn]
Apotolamprus sp.,ApospSTL31,University of Helsinki,Historical DNA of Dung Beatles (Coleoptera:Scarabaeidae:Scarabaeinae),290.66,S695,Targeted-Capture,GENOMIC,SRX22207632,https://www.ncbi.nlm.nih.gov/sra/SRX22207632[accn]
Arachnodes sp.,Arac4STL5016,University of Helsinki,Historical DNA of Dung Beatles (Coleoptera:Scarabaeidae:Scarabaeinae),159.37,S3906,Targeted-Capture,GENOMIC,SRX22207635,https://www.ncbi.nlm.nih.gov/sra/SRX22207635[accn]
Arachnodes sp.,Arac1STL45,University of Helsinki,Historical DNA of Dung Beatles (Coleoptera:Scarabaeidae:Scarabaeinae),79.98,S700,Targeted-Capture,GENOMIC,SRX22207634,https://www.ncbi.nlm.nih.gov/sra/SRX22207634[accn]
Canthon chalcites,Canthon chalcites raw ccs long reads,University of Tennessee,Canthon chalcites isolate:Not applicable Genome sequencing,5627.65,cc_genome_ccs_reads,WGS,GENOMIC,SRX33635119,https://www.ncbi.nlm.nih.gov/sra/SRX33635119[accn]
Catharsius molossus,Hi-C sequencing of an adult male Catharsius molossus,Ningxia University,"Illumina, PacBio HiFi, and Hi-C sequencing of a sexually mature adult male Catharsius molossus collected from Hunan, China.",41351.49,Cm_HiC,Hi-C,GENOMIC,SRX28860564,https://www.ncbi.nlm.nih.gov/sra/SRX28860564[accn]
Catharsius molossus,PacBio HiFi long-read sequencing of an adult male Catharsius molossus,Ningxia University,"Illumina, PacBio HiFi, and Hi-C sequencing of a sexually mature adult male Catharsius molossus collected from Hunan, China.",41346.32,Cm_HiFi,WGS,GENOMIC,SRX28860563,https://www.ncbi.nlm.nih.gov/sra/SRX28860563[accn]
Catharsius molossus,Illumina short-read sequencing of an adult male Catharsius molossus,Ningxia University,"Illumina, PacBio HiFi, and Hi-C sequencing of a sexually mature adult male Catharsius molossus collected from Hunan, China.",30905.81,Cm_Illumina,WGS,GENOMIC,SRX28860562,https://www.ncbi.nlm.nih.gov/sra/SRX28860562[accn]
Catharsius molossus,mRNA Transcriptomes from adult male Catharsius molossus,National University of Singapore,Catharsius molossus Reproductive Transcriptomes,4605.72,C138_Testes,RNA-Seq,TRANSCRIPTOMIC,SRX10301363,https://www.ncbi.nlm.nih.gov/sra/SRX10301363[accn]
Catharsius molossus,mRNA Transcriptomes from adult male Catharsius molossus,National University of Singapore,Catharsius molossus Reproductive Transcriptomes,4140.09,C138_AccessoryGlands,RNA-Seq,TRANSCRIPTOMIC,SRX10301362,https://www.ncbi.nlm.nih.gov/sra/SRX10301362[accn]
Catharsius molossus,mRNA Transcriptome of adult male Catharsius molossus,National University of Singapore,Catharsius molossus Reproductive Transcriptomes,3485.4,C126_Testes,RNA-Seq,TRANSCRIPTOMIC,SRX10301245,https://www.ncbi.nlm.nih.gov/sra/SRX10301245[accn]
Catharsius molossus,mRNA Transcriptome of adult male Catharsius molossus,National University of Singapore,Catharsius molossus Reproductive Transcriptomes,4545.33,C126_AccessoryGlands,RNA-Seq,TRANSCRIPTOMIC,SRX10301244,https://www.ncbi.nlm.nih.gov/sra/SRX10301244[accn]
Catharsius sp.,Cath1STL10033,University of Helsinki,Historical DNA of Dung Beatles (Coleoptera:Scarabaeidae:Scarabaeinae),156.14,S3916,Targeted-Capture,GENOMIC,SRX22207638,https://www.ncbi.nlm.nih.gov/sra/SRX22207638[accn]
Copris (Paracopris) sp.,Copr2STL10022,University of Helsinki,Historical DNA of Dung Beatles (Coleoptera:Scarabaeidae:Scarabaeinae),159.65,S3975,Targeted-Capture,GENOMIC,SRX22207640,https://www.ncbi.nlm.nih.gov/sra/SRX22207640[accn]
Copris lunaris,Raw reads from transcriptome sequencing of Copris luniaris,Zoological Research Museum Alexander Koenig,Transcriptome-based phylogeny of Scarabaeoidea,1447.07,ZFMK-DA-RNAL70,RNA-Seq,TRANSCRIPTOMIC,SRX19356007,https://www.ncbi.nlm.nih.gov/sra/SRX19356007[accn]
Copris tripartitus,Population genetic characterization of the endangered dung beetle Copris tripartitus (Coleoptera: Scarabaeidae) using novel microsatellite markers,"College of Agriculture & Life Sciences, Chonnam Na",Genetic diversity of Important Animal Resources III-2 in Korea,4107.07,Copris_tripartitus_SSR_Korea,WGS,GENOMIC,SRX13540163,https://www.ncbi.nlm.nih.gov/sra/SRX13540163[accn]
Copris tripartitus,Copris tripartitus Transcriptome,Soonchunhyang University,Copris tripartitus Transcriptome,2815.44,Ct-RNA,RNA-Seq,TRANSCRIPTOMIC,SRX6699622,https://www.ncbi.nlm.nih.gov/sra/SRX6699622[accn]
Coprophanaeus cyanescens,SRA of the Coprophanaeus cyanescens,Universidade de Pernambuco,SRA Coprophanaeus beetles,1927.27,Coprophanaeus003,WGS,GENOMIC,SRX33830085,https://www.ncbi.nlm.nih.gov/sra/SRX33830085[accn]
Coprophanaeus dardanus,SRA of the Coprophanaeus dardanus,Universidade de Pernambuco,SRA Coprophanaeus beetles,1934.58,Coprophanaeus002,WGS,GENOMIC,SRX33830084,https://www.ncbi.nlm.nih.gov/sra/SRX33830084[accn]
Coprophanaeus dardanus,CodarSTL61,University of Helsinki,Historical DNA of Dung Beatles (Coleoptera:Scarabaeidae:Scarabaeinae),11.94,S4052,Targeted-Capture,GENOMIC,SRX22207639,https://www.ncbi.nlm.nih.gov/sra/SRX22207639[accn]
Coprophanaeus ensifer,SRA of the Coprophanaeus ensifer,Universidade de Pernambuco,SRA Coprophanaeus beetles,12893.61,Coprophanaeus001,WGS,GENOMIC,SRX33830083,https://www.ncbi.nlm.nih.gov/sra/SRX33830083[accn]
Deltochilum speciosissimum,ddRADseq of Deltochilum speciosissimum: 1950_130,"University of Tennessee, Knoxville",Patterns of gene flow across elevation in Andean scarabs,31.19,1950_130,RAD-Seq,GENOMIC,SRX7816972,https://www.ncbi.nlm.nih.gov/sra/SRX7816972[accn]
Deltochilum speciosissimum,ddRADseq of Deltochilum speciosissimum: 1950_129,"University of Tennessee, Knoxville",Patterns of gene flow across elevation in Andean scarabs,31.84,1950_129,RAD-Seq,GENOMIC,SRX7816971,https://www.ncbi.nlm.nih.gov/sra/SRX7816971[accn]
Deltochilum speciosissimum,ddRADseq of Deltochilum speciosissimum: 1950_128,"University of Tennessee, Knoxville",Patterns of gene flow across elevation in Andean scarabs,28.98,1950_128,RAD-Seq,GENOMIC,SRX7816970,https://www.ncbi.nlm.nih.gov/sra/SRX7816970[accn]
Deltochilum speciosissimum,ddRADseq of Deltochilum speciosissimum: 1950_127,"University of Tennessee, Knoxville",Patterns of gene flow across elevation in Andean scarabs,25.75,1950_127,RAD-Seq,GENOMIC,SRX7816969,https://www.ncbi.nlm.nih.gov/sra/SRX7816969[accn]
Deltochilum speciosissimum,ddRADseq of Deltochilum speciosissimum: 1950_126,"University of Tennessee, Knoxville",Patterns of gene flow across elevation in Andean scarabs,16.9,1950_126,RAD-Seq,GENOMIC,SRX7816968,https://www.ncbi.nlm.nih.gov/sra/SRX7816968[accn]
Deltochilum speciosissimum,ddRADseq of Deltochilum speciosissimum: 1950_125,"University of Tennessee, Knoxville",Patterns of gene flow across elevation in Andean scarabs,29.68,1950_125,RAD-Seq,GENOMIC,SRX7816967,https://www.ncbi.nlm.nih.gov/sra/SRX7816967[accn]
Deltochilum speciosissimum,ddRADseq of Deltochilum speciosissimum: 1950_055,"University of Tennessee, Knoxville",Patterns of gene flow across elevation in Andean scarabs,18.23,1950_055,RAD-Seq,GENOMIC,SRX7816966,https://www.ncbi.nlm.nih.gov/sra/SRX7816966[accn]
Deltochilum speciosissimum,ddRADseq of Deltochilum speciosissimum: 1950_054,"University of Tennessee, Knoxville",Patterns of gene flow across elevation in Andean scarabs,27.55,1950_054,RAD-Seq,GENOMIC,SRX7816965,https://www.ncbi.nlm.nih.gov/sra/SRX7816965[accn]
Deltochilum speciosissimum,ddRADseq of Deltochilum speciosissimum: 1950_053,"University of Tennessee, Knoxville",Patterns of gene flow across elevation in Andean scarabs,24.18,1950_053,RAD-Seq,GENOMIC,SRX7816963,https://www.ncbi.nlm.nih.gov/sra/SRX7816963[accn]
Deltochilum speciosissimum,ddRADseq of Deltochilum speciosissimum: 1950_052,"University of Tennessee, Knoxville",Patterns of gene flow across elevation in Andean scarabs,26.5,1950_052,RAD-Seq,GENOMIC,SRX7816962,https://www.ncbi.nlm.nih.gov/sra/SRX7816962[accn]
Deltochilum speciosissimum,ddRADseq of Deltochilum speciosissimum: 1825_086,"University of Tennessee, Knoxville",Patterns of gene flow across elevation in Andean scarabs,26.91,1825_086,RAD-Seq,GENOMIC,SRX7816941,https://www.ncbi.nlm.nih.gov/sra/SRX7816941[accn]
Deltochilum speciosissimum,ddRADseq of Deltochilum speciosissimum: 1825_051,"University of Tennessee, Knoxville",Patterns of gene flow across elevation in Andean scarabs,16.97,1825_051,RAD-Seq,GENOMIC,SRX7816940,https://www.ncbi.nlm.nih.gov/sra/SRX7816940[accn]
Deltochilum speciosissimum,ddRADseq of Deltochilum speciosissimum: 1825_050,"University of Tennessee, Knoxville",Patterns of gene flow across elevation in Andean scarabs,26.73,1825_050,RAD-Seq,GENOMIC,SRX7816939,https://www.ncbi.nlm.nih.gov/sra/SRX7816939[accn]
Deltochilum speciosissimum,ddRADseq of Deltochilum speciosissimum: 1825_049,"University of Tennessee, Knoxville",Patterns of gene flow across elevation in Andean scarabs,32.45,1825_049,RAD-Seq,GENOMIC,SRX7816938,https://www.ncbi.nlm.nih.gov/sra/SRX7816938[accn]
Deltochilum speciosissimum,ddRADseq of Deltochilum speciosissimum: 1825_048,"University of Tennessee, Knoxville",Patterns of gene flow across elevation in Andean scarabs,28.78,1825_048,RAD-Seq,GENOMIC,SRX7816937,https://www.ncbi.nlm.nih.gov/sra/SRX7816937[accn]
Deltochilum speciosissimum,ddRADseq of Deltochilum speciosissimum: 1825_047,"University of Tennessee, Knoxville",Patterns of gene flow across elevation in Andean scarabs,27.05,1825_047,RAD-Seq,GENOMIC,SRX7816936,https://www.ncbi.nlm.nih.gov/sra/SRX7816936[accn]
Deltochilum speciosissimum,ddRADseq of Deltochilum speciosissimum: YY2150_235,"University of Tennessee, Knoxville",Patterns of gene flow across elevation in Andean scarabs,26.51,YY2150_235,RAD-Seq,GENOMIC,SRX7816922,https://www.ncbi.nlm.nih.gov/sra/SRX7816922[accn]
Deltochilum speciosissimum,ddRADseq of Deltochilum speciosissimum: YY2150_133,"University of Tennessee, Knoxville",Patterns of gene flow across elevation in Andean scarabs,11.25,YY2150_133,RAD-Seq,GENOMIC,SRX7816921,https://www.ncbi.nlm.nih.gov/sra/SRX7816921[accn]
Deltochilum speciosissimum,ddRADseq of Deltochilum speciosissimum: YY2150_132,"University of Tennessee, Knoxville",Patterns of gene flow across elevation in Andean scarabs,50.61,YY2150_132,RAD-Seq,GENOMIC,SRX7816920,https://www.ncbi.nlm.nih.gov/sra/SRX7816920[accn]
Deltochilum speciosissimum,ddRADseq of Deltochilum speciosissimum: MA2150_233,"University of Tennessee, Knoxville",Patterns of gene flow across elevation in Andean scarabs,21.59,MA2150_233,RAD-Seq,GENOMIC,SRX7816914,https://www.ncbi.nlm.nih.gov/sra/SRX7816914[accn]
Deltochilum speciosissimum,ddRADseq of Deltochilum speciosissimum: MA2150_232,"University of Tennessee, Knoxville",Patterns of gene flow across elevation in Andean scarabs,33.26,MA2150_232,RAD-Seq,GENOMIC,SRX7816913,https://www.ncbi.nlm.nih.gov/sra/SRX7816913[accn]
Deltochilum speciosissimum,ddRADseq of Deltochilum speciosissimum: MA2150_230,"University of Tennessee, Knoxville",Patterns of gene flow across elevation in Andean scarabs,23.23,MA2150_230,RAD-Seq,GENOMIC,SRX7816912,https://www.ncbi.nlm.nih.gov/sra/SRX7816912[accn]
Deltochilum speciosissimum,ddRADseq of Deltochilum speciosissimum: MA2150_227,"University of Tennessee, Knoxville",Patterns of gene flow across elevation in Andean scarabs,31.8,MA2150_227,RAD-Seq,GENOMIC,SRX7816911,https://www.ncbi.nlm.nih.gov/sra/SRX7816911[accn]
Deltochilum speciosissimum,ddRADseq of Deltochilum speciosissimum: MA2150_226,"University of Tennessee, Knoxville",Patterns of gene flow across elevation in Andean scarabs,38.2,MA2150_226,RAD-Seq,GENOMIC,SRX7816910,https://www.ncbi.nlm.nih.gov/sra/SRX7816910[accn]
Deltochilum speciosissimum,ddRADseq of Deltochilum speciosissimum: MA2150_224,"University of Tennessee, Knoxville",Patterns of gene flow across elevation in Andean scarabs,21.83,MA2150_224,RAD-Seq,GENOMIC,SRX7816909,https://www.ncbi.nlm.nih.gov/sra/SRX7816909[accn]
Deltochilum speciosissimum,ddRADseq of Deltochilum speciosissimum: HU4_189,"University of Tennessee, Knoxville",Patterns of gene flow across elevation in Andean scarabs,24.11,HU4_189,RAD-Seq,GENOMIC,SRX7816898,https://www.ncbi.nlm.nih.gov/sra/SRX7816898[accn]
Deltochilum speciosissimum,ddRADseq of Deltochilum speciosissimum: HU4_188,"University of Tennessee, Knoxville",Patterns of gene flow across elevation in Andean scarabs,0.1,HU4_188,RAD-Seq,GENOMIC,SRX7816897,https://www.ncbi.nlm.nih.gov/sra/SRX7816897[accn]
Deltochilum speciosissimum,ddRADseq of Deltochilum speciosissimum: HU4_187,"University of Tennessee, Knoxville",Patterns of gene flow across elevation in Andean scarabs,28.6,HU4_187,RAD-Seq,GENOMIC,SRX7816896,https://www.ncbi.nlm.nih.gov/sra/SRX7816896[accn]
Deltochilum speciosissimum,ddRADseq of Deltochilum speciosissimum: HU4_186,"University of Tennessee, Knoxville",Patterns of gene flow across elevation in Andean scarabs,30.89,HU4_186,RAD-Seq,GENOMIC,SRX7816895,https://www.ncbi.nlm.nih.gov/sra/SRX7816895[accn]
Deltochilum speciosissimum,ddRADseq of Deltochilum speciosissimum: HU4_185,"University of Tennessee, Knoxville",Patterns of gene flow across elevation in Andean scarabs,22.82,HU4_185,RAD-Seq,GENOMIC,SRX7816894,https://www.ncbi.nlm.nih.gov/sra/SRX7816894[accn]
Deltochilum speciosissimum,ddRADseq of Deltochilum speciosissimum: HU4_184,"University of Tennessee, Knoxville",Patterns of gene flow across elevation in Andean scarabs,23.63,HU4_184,RAD-Seq,GENOMIC,SRX7816891,https://www.ncbi.nlm.nih.gov/sra/SRX7816891[accn]
Deltochilum speciosissimum,ddRADseq of Deltochilum speciosissimum: HU4_183,"University of Tennessee, Knoxville",Patterns of gene flow across elevation in Andean scarabs,21.12,HU4_183,RAD-Seq,GENOMIC,SRX7816890,https://www.ncbi.nlm.nih.gov/sra/SRX7816890[accn]
Deltochilum speciosissimum,ddRADseq of Deltochilum speciosissimum: HU4_182,"University of Tennessee, Knoxville",Patterns of gene flow across elevation in Andean scarabs,30.98,HU4_182,RAD-Seq,GENOMIC,SRX7816889,https://www.ncbi.nlm.nih.gov/sra/SRX7816889[accn]
Deltochilum speciosissimum,ddRADseq of Deltochilum speciosissimum: 1700_046,"University of Tennessee, Knoxville",Patterns of gene flow across elevation in Andean scarabs,21.06,1700_046,RAD-Seq,GENOMIC,SRX7816877,https://www.ncbi.nlm.nih.gov/sra/SRX7816877[accn]
Deltochilum speciosissimum,ddRADseq of Deltochilum speciosissimum: 1700_045,"University of Tennessee, Knoxville",Patterns of gene flow across elevation in Andean scarabs,31.33,1700_045,RAD-Seq,GENOMIC,SRX7816876,https://www.ncbi.nlm.nih.gov/sra/SRX7816876[accn]
Deltochilum speciosissimum,ddRADseq of Deltochilum speciosissimum: 1700_044,"University of Tennessee, Knoxville",Patterns of gene flow across elevation in Andean scarabs,30.62,1700_044,RAD-Seq,GENOMIC,SRX7816875,https://www.ncbi.nlm.nih.gov/sra/SRX7816875[accn]
Deltochilum speciosissimum,ddRADseq of Deltochilum speciosissimum: 1700_043,"University of Tennessee, Knoxville",Patterns of gene flow across elevation in Andean scarabs,30.88,1700_043,RAD-Seq,GENOMIC,SRX7816874,https://www.ncbi.nlm.nih.gov/sra/SRX7816874[accn]
Deltochilum speciosissimum,ddRADseq of Deltochilum speciosissimum: 1700_042,"University of Tennessee, Knoxville",Patterns of gene flow across elevation in Andean scarabs,36.64,1700_042,RAD-Seq,GENOMIC,SRX7816873,https://www.ncbi.nlm.nih.gov/sra/SRX7816873[accn]
Deltochilum speciosissimum,ddRADseq of Deltochilum speciosissimum: 1575_041,"University of Tennessee, Knoxville",Patterns of gene flow across elevation in Andean scarabs,13.85,1575_041,RAD-Seq,GENOMIC,SRX7816847,https://www.ncbi.nlm.nih.gov/sra/SRX7816847[accn]
Deltochilum speciosissimum,ddRADseq of Deltochilum speciosissimum: HU4_181,"University of Tennessee, Knoxville",Patterns of gene flow across elevation in Andean scarabs,30.42,HU4_181,RAD-Seq,GENOMIC,SRX7816835,https://www.ncbi.nlm.nih.gov/sra/SRX7816835[accn]
Deltochilum speciosissimum,ddRADseq of Deltochilum speciosissimum: HU4_180,"University of Tennessee, Knoxville",Patterns of gene flow across elevation in Andean scarabs,19.66,HU4_180,RAD-Seq,GENOMIC,SRX7816834,https://www.ncbi.nlm.nih.gov/sra/SRX7816834[accn]
Deltochilum speciosissimum,ddRADseq of Deltochilum speciosissimum: HU3_114,"University of Tennessee, Knoxville",Patterns of gene flow across elevation in Andean scarabs,20.53,HU3_114,RAD-Seq,GENOMIC,SRX7816824,https://www.ncbi.nlm.nih.gov/sra/SRX7816824[accn]
Deltochilum speciosissimum,ddRADseq of Deltochilum speciosissimum: HU3_113,"University of Tennessee, Knoxville",Patterns of gene flow across elevation in Andean scarabs,28.12,HU3_113,RAD-Seq,GENOMIC,SRX7816823,https://www.ncbi.nlm.nih.gov/sra/SRX7816823[accn]
Deltochilum speciosissimum,ddRADseq of Deltochilum speciosissimum: HU3_112,"University of Tennessee, Knoxville",Patterns of gene flow across elevation in Andean scarabs,34.52,HU3_112,RAD-Seq,GENOMIC,SRX7816822,https://www.ncbi.nlm.nih.gov/sra/SRX7816822[accn]
Deltochilum speciosissimum,ddRADseq of Deltochilum speciosissimum: HU3_111,"University of Tennessee, Knoxville",Patterns of gene flow across elevation in Andean scarabs,30.73,HU3_111,RAD-Seq,GENOMIC,SRX7816821,https://www.ncbi.nlm.nih.gov/sra/SRX7816821[accn]
Deltochilum speciosissimum,ddRADseq of Deltochilum speciosissimum: HU3_110,"University of Tennessee, Knoxville",Patterns of gene flow across elevation in Andean scarabs,28.97,HU3_110,RAD-Seq,GENOMIC,SRX7816820,https://www.ncbi.nlm.nih.gov/sra/SRX7816820[accn]
Deltochilum speciosissimum,ddRADseq of Deltochilum speciosissimum: HU3_109,"University of Tennessee, Knoxville",Patterns of gene flow across elevation in Andean scarabs,16.95,HU3_109,RAD-Seq,GENOMIC,SRX7816819,https://www.ncbi.nlm.nih.gov/sra/SRX7816819[accn]
Deltochilum speciosissimum,ddRADseq of Deltochilum speciosissimum: HU3_108,"University of Tennessee, Knoxville",Patterns of gene flow across elevation in Andean scarabs,17.44,HU3_108,RAD-Seq,GENOMIC,SRX7816818,https://www.ncbi.nlm.nih.gov/sra/SRX7816818[accn]
Deltochilum speciosissimum,ddRADseq of Deltochilum speciosissimum: HU3_107,"University of Tennessee, Knoxville",Patterns of gene flow across elevation in Andean scarabs,23.77,HU3_107,RAD-Seq,GENOMIC,SRX7816816,https://www.ncbi.nlm.nih.gov/sra/SRX7816816[accn]
Deltochilum tessellatum,ddRADseq of Deltochilum tessellatum: 1950_124,"University of Tennessee, Knoxville",Patterns of gene flow across elevation in Andean scarabs,25.15,1950_124,RAD-Seq,GENOMIC,SRX7816979,https://www.ncbi.nlm.nih.gov/sra/SRX7816979[accn]
Deltochilum tessellatum,ddRADseq of Deltochilum tessellatum: 1950_123,"University of Tennessee, Knoxville",Patterns of gene flow across elevation in Andean scarabs,30.38,1950_123,RAD-Seq,GENOMIC,SRX7816978,https://www.ncbi.nlm.nih.gov/sra/SRX7816978[accn]
Deltochilum tessellatum,ddRADseq of Deltochilum tessellatum: 1950_122,"University of Tennessee, Knoxville",Patterns of gene flow across elevation in Andean scarabs,38.22,1950_122,RAD-Seq,GENOMIC,SRX7816977,https://www.ncbi.nlm.nih.gov/sra/SRX7816977[accn]
Deltochilum tessellatum,ddRADseq of Deltochilum tessellatum: 1950_098,"University of Tennessee, Knoxville",Patterns of gene flow across elevation in Andean scarabs,26.73,1950_098,RAD-Seq,GENOMIC,SRX7816976,https://www.ncbi.nlm.nih.gov/sra/SRX7816976[accn]
Deltochilum tessellatum,ddRADseq of Deltochilum tessellatum: 1950_097,"University of Tennessee, Knoxville",Patterns of gene flow across elevation in Andean scarabs,30.07,1950_097,RAD-Seq,GENOMIC,SRX7816974,https://www.ncbi.nlm.nih.gov/sra/SRX7816974[accn]
Deltochilum tessellatum,ddRADseq of Deltochilum tessellatum: 1950_096,"University of Tennessee, Knoxville",Patterns of gene flow across elevation in Andean scarabs,27.48,1950_096,RAD-Seq,GENOMIC,SRX7816973,https://www.ncbi.nlm.nih.gov/sra/SRX7816973[accn]
Deltochilum tessellatum,ddRADseq of Deltochilum tessellatum: 1825_136,"University of Tennessee, Knoxville",Patterns of gene flow across elevation in Andean scarabs,34.35,1825_136,RAD-Seq,GENOMIC,SRX7816948,https://www.ncbi.nlm.nih.gov/sra/SRX7816948[accn]
Deltochilum tessellatum,ddRADseq of Deltochilum tessellatum: 1825_135,"University of Tennessee, Knoxville",Patterns of gene flow across elevation in Andean scarabs,19.14,1825_135,RAD-Seq,GENOMIC,SRX7816947,https://www.ncbi.nlm.nih.gov/sra/SRX7816947[accn]
Deltochilum tessellatum,ddRADseq of Deltochilum tessellatum: 1825_131,"University of Tennessee, Knoxville",Patterns of gene flow across elevation in Andean scarabs,37.19,1825_131,RAD-Seq,GENOMIC,SRX7816946,https://www.ncbi.nlm.nih.gov/sra/SRX7816946[accn]
Deltochilum tessellatum,ddRADseq of Deltochilum tessellatum: 1825_095,"University of Tennessee, Knoxville",Patterns of gene flow across elevation in Andean scarabs,31.58,1825_095,RAD-Seq,GENOMIC,SRX7816945,https://www.ncbi.nlm.nih.gov/sra/SRX7816945[accn]
Deltochilum tessellatum,ddRADseq of Deltochilum tessellatum: 1825_094,"University of Tennessee, Knoxville",Patterns of gene flow across elevation in Andean scarabs,32.24,1825_094,RAD-Seq,GENOMIC,SRX7816944,https://www.ncbi.nlm.nih.gov/sra/SRX7816944[accn]
Deltochilum tessellatum,ddRADseq of Deltochilum tessellatum: 1825_093,"University of Tennessee, Knoxville",Patterns of gene flow across elevation in Andean scarabs,29.15,1825_093,RAD-Seq,GENOMIC,SRX7816943,https://www.ncbi.nlm.nih.gov/sra/SRX7816943[accn]
Deltochilum tessellatum,ddRADseq of Deltochilum tessellatum: HU4_190,"University of Tennessee, Knoxville",Patterns of gene flow across elevation in Andean scarabs,15.95,HU4_190,RAD-Seq,GENOMIC,SRX7816899,https://www.ncbi.nlm.nih.gov/sra/SRX7816899[accn]
Deltochilum tessellatum,ddRADseq of Deltochilum tessellatum: 1700_134,"University of Tennessee, Knoxville",Patterns of gene flow across elevation in Andean scarabs,23.54,1700_134,RAD-Seq,GENOMIC,SRX7816882,https://www.ncbi.nlm.nih.gov/sra/SRX7816882[accn]
Deltochilum tessellatum,ddRADseq of Deltochilum tessellatum: 1700_092,"University of Tennessee, Knoxville",Patterns of gene flow across elevation in Andean scarabs,28.92,1700_092,RAD-Seq,GENOMIC,SRX7816881,https://www.ncbi.nlm.nih.gov/sra/SRX7816881[accn]
Deltochilum tessellatum,ddRADseq of Deltochilum tessellatum: 1700_091,"University of Tennessee, Knoxville",Patterns of gene flow across elevation in Andean scarabs,16.93,1700_091,RAD-Seq,GENOMIC,SRX7816880,https://www.ncbi.nlm.nih.gov/sra/SRX7816880[accn]
Deltochilum tessellatum,ddRADseq of Deltochilum tessellatum: 1700_090,"University of Tennessee, Knoxville",Patterns of gene flow across elevation in Andean scarabs,24.93,1700_090,RAD-Seq,GENOMIC,SRX7816879,https://www.ncbi.nlm.nih.gov/sra/SRX7816879[accn]
Deltochilum tessellatum,ddRADseq of Deltochilum tessellatum: 1575_089,"University of Tennessee, Knoxville",Patterns of gene flow across elevation in Andean scarabs,0.1,1575_089,RAD-Seq,GENOMIC,SRX7816850,https://www.ncbi.nlm.nih.gov/sra/SRX7816850[accn]
Deltochilum tessellatum,ddRADseq of Deltochilum tessellatum: 1575_088,"University of Tennessee, Knoxville",Patterns of gene flow across elevation in Andean scarabs,19.28,1575_088,RAD-Seq,GENOMIC,SRX7816849,https://www.ncbi.nlm.nih.gov/sra/SRX7816849[accn]
Deltochilum tessellatum,ddRADseq of Deltochilum tessellatum: 1575_087,"University of Tennessee, Knoxville",Patterns of gene flow across elevation in Andean scarabs,24.86,1575_087,RAD-Seq,GENOMIC,SRX7816848,https://www.ncbi.nlm.nih.gov/sra/SRX7816848[accn]
Dichotomius podalirius,ddRADseq of Dichotomius podalirius: 800_196,"University of Tennessee, Knoxville",Patterns of gene flow across elevation in Andean scarabs,29.18,800_196,RAD-Seq,GENOMIC,SRX7817023,https://www.ncbi.nlm.nih.gov/sra/SRX7817023[accn]
Dichotomius podalirius,ddRADseq of Dichotomius podalirius: 800_195,"University of Tennessee, Knoxville",Patterns of gene flow across elevation in Andean scarabs,24.34,800_195,RAD-Seq,GENOMIC,SRX7817012,https://www.ncbi.nlm.nih.gov/sra/SRX7817012[accn]
Dichotomius podalirius,ddRADseq of Dichotomius podalirius: 800_194,"University of Tennessee, Knoxville",Patterns of gene flow across elevation in Andean scarabs,25.12,800_194,RAD-Seq,GENOMIC,SRX7817001,https://www.ncbi.nlm.nih.gov/sra/SRX7817001[accn]
Dichotomius podalirius,ddRADseq of Dichotomius podalirius: 925_206,"University of Tennessee, Knoxville",Patterns of gene flow across elevation in Andean scarabs,27.48,925_206,RAD-Seq,GENOMIC,SRX7816996,https://www.ncbi.nlm.nih.gov/sra/SRX7816996[accn]
Dichotomius podalirius,ddRADseq of Dichotomius podalirius: 925_205,"University of Tennessee, Knoxville",Patterns of gene flow across elevation in Andean scarabs,28.43,925_205,RAD-Seq,GENOMIC,SRX7816995,https://www.ncbi.nlm.nih.gov/sra/SRX7816995[accn]
Dichotomius podalirius,ddRADseq of Dichotomius podalirius: 925_204,"University of Tennessee, Knoxville",Patterns of gene flow across elevation in Andean scarabs,22.24,925_204,RAD-Seq,GENOMIC,SRX7816994,https://www.ncbi.nlm.nih.gov/sra/SRX7816994[accn]
Dichotomius podalirius,ddRADseq of Dichotomius podalirius: 925_203,"University of Tennessee, Knoxville",Patterns of gene flow across elevation in Andean scarabs,25.7,925_203,RAD-Seq,GENOMIC,SRX7816915,https://www.ncbi.nlm.nih.gov/sra/SRX7816915[accn]
Dichotomius podalirius,ddRADseq of Dichotomius podalirius: 925_202,"University of Tennessee, Knoxville",Patterns of gene flow across elevation in Andean scarabs,32.73,925_202,RAD-Seq,GENOMIC,SRX7816904,https://www.ncbi.nlm.nih.gov/sra/SRX7816904[accn]
Dichotomius podalirius,ddRADseq of Dichotomius podalirius: 925_201,"University of Tennessee, Knoxville",Patterns of gene flow across elevation in Andean scarabs,24.06,925_201,RAD-Seq,GENOMIC,SRX7816893,https://www.ncbi.nlm.nih.gov/sra/SRX7816893[accn]
Dichotomius podalirius,ddRADseq of Dichotomius podalirius: 800_193,"University of Tennessee, Knoxville",Patterns of gene flow across elevation in Andean scarabs,24.99,800_193,RAD-Seq,GENOMIC,SRX7816892,https://www.ncbi.nlm.nih.gov/sra/SRX7816892[accn]
Dichotomius podalirius,ddRADseq of Dichotomius podalirius: 800_200,"University of Tennessee, Knoxville",Patterns of gene flow across elevation in Andean scarabs,29.43,800_200,RAD-Seq,GENOMIC,SRX7816878,https://www.ncbi.nlm.nih.gov/sra/SRX7816878[accn]
Dichotomius podalirius,ddRADseq of Dichotomius podalirius: 800_199,"University of Tennessee, Knoxville",Patterns of gene flow across elevation in Andean scarabs,28.29,800_199,RAD-Seq,GENOMIC,SRX7816867,https://www.ncbi.nlm.nih.gov/sra/SRX7816867[accn]
Dichotomius podalirius,ddRADseq of Dichotomius podalirius: 800_198,"University of Tennessee, Knoxville",Patterns of gene flow across elevation in Andean scarabs,28.68,800_198,RAD-Seq,GENOMIC,SRX7816856,https://www.ncbi.nlm.nih.gov/sra/SRX7816856[accn]
Dichotomius podalirius,ddRADseq of Dichotomius podalirius: CC1_216,"University of Tennessee, Knoxville",Patterns of gene flow across elevation in Andean scarabs,26.57,CC1_216,RAD-Seq,GENOMIC,SRX7816846,https://www.ncbi.nlm.nih.gov/sra/SRX7816846[accn]
Dichotomius podalirius,ddRADseq of Dichotomius podalirius: 800_197,"University of Tennessee, Knoxville",Patterns of gene flow across elevation in Andean scarabs,24.63,800_197,RAD-Seq,GENOMIC,SRX7816845,https://www.ncbi.nlm.nih.gov/sra/SRX7816845[accn]
Dichotomius podalirius,ddRADseq of Dichotomius podalirius: CC1_215,"University of Tennessee, Knoxville",Patterns of gene flow across elevation in Andean scarabs,20.89,CC1_215,RAD-Seq,GENOMIC,SRX7816844,https://www.ncbi.nlm.nih.gov/sra/SRX7816844[accn]
Dichotomius podalirius,ddRADseq of Dichotomius podalirius: CC1_214,"University of Tennessee, Knoxville",Patterns of gene flow across elevation in Andean scarabs,21.34,CC1_214,RAD-Seq,GENOMIC,SRX7816843,https://www.ncbi.nlm.nih.gov/sra/SRX7816843[accn]
Dichotomius podalirius,ddRADseq of Dichotomius podalirius: CC1_213,"University of Tennessee, Knoxville",Patterns of gene flow across elevation in Andean scarabs,23.59,CC1_213,RAD-Seq,GENOMIC,SRX7816842,https://www.ncbi.nlm.nih.gov/sra/SRX7816842[accn]
Dichotomius podalirius,ddRADseq of Dichotomius podalirius: CC1_212,"University of Tennessee, Knoxville",Patterns of gene flow across elevation in Andean scarabs,31.58,CC1_212,RAD-Seq,GENOMIC,SRX7816841,https://www.ncbi.nlm.nih.gov/sra/SRX7816841[accn]
Dichotomius podalirius,ddRADseq of Dichotomius podalirius: CC1_211,"University of Tennessee, Knoxville",Patterns of gene flow across elevation in Andean scarabs,26.04,CC1_211,RAD-Seq,GENOMIC,SRX7816840,https://www.ncbi.nlm.nih.gov/sra/SRX7816840[accn]
Dichotomius podalirius,ddRADseq of Dichotomius podalirius: CC1_210,"University of Tennessee, Knoxville",Patterns of gene flow across elevation in Andean scarabs,21.29,CC1_210,RAD-Seq,GENOMIC,SRX7816839,https://www.ncbi.nlm.nih.gov/sra/SRX7816839[accn]
Dichotomius podalirius,ddRADseq of Dichotomius podalirius: CC1_209,"University of Tennessee, Knoxville",Patterns of gene flow across elevation in Andean scarabs,28.73,CC1_209,RAD-Seq,GENOMIC,SRX7816838,https://www.ncbi.nlm.nih.gov/sra/SRX7816838[accn]
Dichotomius podalirius,ddRADseq of Dichotomius podalirius: CC1_208,"University of Tennessee, Knoxville",Patterns of gene flow across elevation in Andean scarabs,26.84,CC1_208,RAD-Seq,GENOMIC,SRX7816837,https://www.ncbi.nlm.nih.gov/sra/SRX7816837[accn]
Dichotomius podalirius,ddRADseq of Dichotomius podalirius: CC1_207,"University of Tennessee, Knoxville",Patterns of gene flow across elevation in Andean scarabs,24.46,CC1_207,RAD-Seq,GENOMIC,SRX7816836,https://www.ncbi.nlm.nih.gov/sra/SRX7816836[accn]
Dichotomius podalirius,ddRADseq of Dichotomius podalirius: 800_192,"University of Tennessee, Knoxville",Patterns of gene flow across elevation in Andean scarabs,26.4,800_192,RAD-Seq,GENOMIC,SRX7816796,https://www.ncbi.nlm.nih.gov/sra/SRX7816796[accn]
Dichotomius podalirius,ddRADseq of Dichotomius podalirius: 800_191,"University of Tennessee, Knoxville",Patterns of gene flow across elevation in Andean scarabs,30.72,800_191,RAD-Seq,GENOMIC,SRX7816795,https://www.ncbi.nlm.nih.gov/sra/SRX7816795[accn]
Dichotomius satanas,ddRADseq of Dichotomius satanas: YY2150_237,"University of Tennessee, Knoxville",Patterns of gene flow across elevation in Andean scarabs,26.63,YY2150_237,RAD-Seq,GENOMIC,SRX7816993,https://www.ncbi.nlm.nih.gov/sra/SRX7816993[accn]
Dichotomius satanas,ddRADseq of Dichotomius satanas: YY2150_236,"University of Tennessee, Knoxville",Patterns of gene flow across elevation in Andean scarabs,27.81,YY2150_236,RAD-Seq,GENOMIC,SRX7816992,https://www.ncbi.nlm.nih.gov/sra/SRX7816992[accn]
Dichotomius satanas,ddRADseq of Dichotomius satanas: YY2150_234,"University of Tennessee, Knoxville",Patterns of gene flow across elevation in Andean scarabs,13.7,YY2150_234,RAD-Seq,GENOMIC,SRX7816991,https://www.ncbi.nlm.nih.gov/sra/SRX7816991[accn]
Dichotomius satanas,ddRADseq of Dichotomius satanas: 1950_0116,"University of Tennessee, Knoxville",Patterns of gene flow across elevation in Andean scarabs,28.88,1950_0116,RAD-Seq,GENOMIC,SRX7816990,https://www.ncbi.nlm.nih.gov/sra/SRX7816990[accn]
Dichotomius satanas,ddRADseq of Dichotomius satanas: 1950_0115,"University of Tennessee, Knoxville",Patterns of gene flow across elevation in Andean scarabs,22.09,1950_0115,RAD-Seq,GENOMIC,SRX7816989,https://www.ncbi.nlm.nih.gov/sra/SRX7816989[accn]
Dichotomius satanas,ddRADseq of Dichotomius satanas: 1950_068,"University of Tennessee, Knoxville",Patterns of gene flow across elevation in Andean scarabs,32.44,1950_068,RAD-Seq,GENOMIC,SRX7816988,https://www.ncbi.nlm.nih.gov/sra/SRX7816988[accn]
Dichotomius satanas,ddRADseq of Dichotomius satanas: 1950_067,"University of Tennessee, Knoxville",Patterns of gene flow across elevation in Andean scarabs,31.31,1950_067,RAD-Seq,GENOMIC,SRX7816987,https://www.ncbi.nlm.nih.gov/sra/SRX7816987[accn]
Dichotomius satanas,ddRADseq of Dichotomius satanas: 1950_066,"University of Tennessee, Knoxville",Patterns of gene flow across elevation in Andean scarabs,24.51,1950_066,RAD-Seq,GENOMIC,SRX7816985,https://www.ncbi.nlm.nih.gov/sra/SRX7816985[accn]
Dichotomius satanas,ddRADseq of Dichotomius satanas: 1950_020,"University of Tennessee, Knoxville",Patterns of gene flow across elevation in Andean scarabs,24.51,1950_020,RAD-Seq,GENOMIC,SRX7816984,https://www.ncbi.nlm.nih.gov/sra/SRX7816984[accn]
Dichotomius satanas,ddRADseq of Dichotomius satanas: 1950_019,"University of Tennessee, Knoxville",Patterns of gene flow across elevation in Andean scarabs,24.83,1950_019,RAD-Seq,GENOMIC,SRX7816983,https://www.ncbi.nlm.nih.gov/sra/SRX7816983[accn]
Dichotomius satanas,ddRADseq of Dichotomius satanas: 1950_018,"University of Tennessee, Knoxville",Patterns of gene flow across elevation in Andean scarabs,25.72,1950_018,RAD-Seq,GENOMIC,SRX7816982,https://www.ncbi.nlm.nih.gov/sra/SRX7816982[accn]
Dichotomius satanas,ddRADseq of Dichotomius satanas: 1950_017,"University of Tennessee, Knoxville",Patterns of gene flow across elevation in Andean scarabs,31.49,1950_017,RAD-Seq,GENOMIC,SRX7816981,https://www.ncbi.nlm.nih.gov/sra/SRX7816981[accn]
Dichotomius satanas,ddRADseq of Dichotomius satanas: 1950_016,"University of Tennessee, Knoxville",Patterns of gene flow across elevation in Andean scarabs,31.53,1950_016,RAD-Seq,GENOMIC,SRX7816980,https://www.ncbi.nlm.nih.gov/sra/SRX7816980[accn]
Dichotomius satanas,ddRADseq of Dichotomius satanas: 1825_080,"University of Tennessee, Knoxville",Patterns of gene flow across elevation in Andean scarabs,32.75,1825_080,RAD-Seq,GENOMIC,SRX7816961,https://www.ncbi.nlm.nih.gov/sra/SRX7816961[accn]
Dichotomius satanas,ddRADseq of Dichotomius satanas: 1825_079,"University of Tennessee, Knoxville",Patterns of gene flow across elevation in Andean scarabs,27.16,1825_079,RAD-Seq,GENOMIC,SRX7816960,https://www.ncbi.nlm.nih.gov/sra/SRX7816960[accn]
Dichotomius satanas,ddRADseq of Dichotomius satanas: 1825_035,"University of Tennessee, Knoxville",Patterns of gene flow across elevation in Andean scarabs,28.65,1825_035,RAD-Seq,GENOMIC,SRX7816959,https://www.ncbi.nlm.nih.gov/sra/SRX7816959[accn]
Dichotomius satanas,ddRADseq of Dichotomius satanas: 1825_034,"University of Tennessee, Knoxville",Patterns of gene flow across elevation in Andean scarabs,36.17,1825_034,RAD-Seq,GENOMIC,SRX7816958,https://www.ncbi.nlm.nih.gov/sra/SRX7816958[accn]
Dichotomius satanas,ddRADseq of Dichotomius satanas: 1825_033,"University of Tennessee, Knoxville",Patterns of gene flow across elevation in Andean scarabs,27.51,1825_033,RAD-Seq,GENOMIC,SRX7816957,https://www.ncbi.nlm.nih.gov/sra/SRX7816957[accn]
Dichotomius satanas,ddRADseq of Dichotomius satanas: 1825_032,"University of Tennessee, Knoxville",Patterns of gene flow across elevation in Andean scarabs,31.33,1825_032,RAD-Seq,GENOMIC,SRX7816956,https://www.ncbi.nlm.nih.gov/sra/SRX7816956[accn]
Dichotomius satanas,ddRADseq of Dichotomius satanas: 1825_031,"University of Tennessee, Knoxville",Patterns of gene flow across elevation in Andean scarabs,24.27,1825_031,RAD-Seq,GENOMIC,SRX7816955,https://www.ncbi.nlm.nih.gov/sra/SRX7816955[accn]
Dichotomius satanas,ddRADseq of Dichotomius satanas: 1825_015,"University of Tennessee, Knoxville",Patterns of gene flow across elevation in Andean scarabs,31.7,1825_015,RAD-Seq,GENOMIC,SRX7816954,https://www.ncbi.nlm.nih.gov/sra/SRX7816954[accn]
Dichotomius satanas,ddRADseq of Dichotomius satanas: 1825_014,"University of Tennessee, Knoxville",Patterns of gene flow across elevation in Andean scarabs,34.39,1825_014,RAD-Seq,GENOMIC,SRX7816952,https://www.ncbi.nlm.nih.gov/sra/SRX7816952[accn]
Dichotomius satanas,ddRADseq of Dichotomius satanas: 1825_013,"University of Tennessee, Knoxville",Patterns of gene flow across elevation in Andean scarabs,25.09,1825_013,RAD-Seq,GENOMIC,SRX7816951,https://www.ncbi.nlm.nih.gov/sra/SRX7816951[accn]
Dichotomius satanas,ddRADseq of Dichotomius satanas: 1825_012,"University of Tennessee, Knoxville",Patterns of gene flow across elevation in Andean scarabs,22.23,1825_012,RAD-Seq,GENOMIC,SRX7816950,https://www.ncbi.nlm.nih.gov/sra/SRX7816950[accn]
Dichotomius satanas,ddRADseq of Dichotomius satanas: 1825_011,"University of Tennessee, Knoxville",Patterns of gene flow across elevation in Andean scarabs,29.05,1825_011,RAD-Seq,GENOMIC,SRX7816949,https://www.ncbi.nlm.nih.gov/sra/SRX7816949[accn]
Dichotomius satanas,ddRADseq of Dichotomius satanas: 1700_078,"University of Tennessee, Knoxville",Patterns of gene flow across elevation in Andean scarabs,26.89,1700_078,RAD-Seq,GENOMIC,SRX7816935,https://www.ncbi.nlm.nih.gov/sra/SRX7816935[accn]
Dichotomius satanas,ddRADseq of Dichotomius satanas: 1700_077,"University of Tennessee, Knoxville",Patterns of gene flow across elevation in Andean scarabs,29.77,1700_077,RAD-Seq,GENOMIC,SRX7816934,https://www.ncbi.nlm.nih.gov/sra/SRX7816934[accn]
Dichotomius satanas,ddRADseq of Dichotomius satanas: 1700_076,"University of Tennessee, Knoxville",Patterns of gene flow across elevation in Andean scarabs,20.72,1700_076,RAD-Seq,GENOMIC,SRX7816933,https://www.ncbi.nlm.nih.gov/sra/SRX7816933[accn]
Dichotomius satanas,ddRADseq of Dichotomius satanas: 1700_075,"University of Tennessee, Knoxville",Patterns of gene flow across elevation in Andean scarabs,21.21,1700_075,RAD-Seq,GENOMIC,SRX7816932,https://www.ncbi.nlm.nih.gov/sra/SRX7816932[accn]
Dichotomius satanas,ddRADseq of Dichotomius satanas: 1700_074,"University of Tennessee, Knoxville",Patterns of gene flow across elevation in Andean scarabs,28.58,1700_074,RAD-Seq,GENOMIC,SRX7816930,https://www.ncbi.nlm.nih.gov/sra/SRX7816930[accn]
Dichotomius satanas,ddRADseq of Dichotomius satanas: 1700_030,"University of Tennessee, Knoxville",Patterns of gene flow across elevation in Andean scarabs,20.58,1700_030,RAD-Seq,GENOMIC,SRX7816929,https://www.ncbi.nlm.nih.gov/sra/SRX7816929[accn]
Dichotomius satanas,ddRADseq of Dichotomius satanas: 1700_029,"University of Tennessee, Knoxville",Patterns of gene flow across elevation in Andean scarabs,24.98,1700_029,RAD-Seq,GENOMIC,SRX7816928,https://www.ncbi.nlm.nih.gov/sra/SRX7816928[accn]
Dichotomius satanas,ddRADseq of Dichotomius satanas: 1700_028,"University of Tennessee, Knoxville",Patterns of gene flow across elevation in Andean scarabs,29.25,1700_028,RAD-Seq,GENOMIC,SRX7816927,https://www.ncbi.nlm.nih.gov/sra/SRX7816927[accn]
Dichotomius satanas,ddRADseq of Dichotomius satanas: 1700_027,"University of Tennessee, Knoxville",Patterns of gene flow across elevation in Andean scarabs,32.14,1700_027,RAD-Seq,GENOMIC,SRX7816926,https://www.ncbi.nlm.nih.gov/sra/SRX7816926[accn]
Dichotomius satanas,ddRADseq of Dichotomius satanas: 1700_026,"University of Tennessee, Knoxville",Patterns of gene flow across elevation in Andean scarabs,26.33,1700_026,RAD-Seq,GENOMIC,SRX7816925,https://www.ncbi.nlm.nih.gov/sra/SRX7816925[accn]
Dichotomius satanas,ddRADseq of Dichotomius satanas: 1700_065,"University of Tennessee, Knoxville",Patterns of gene flow across elevation in Andean scarabs,24.04,1700_065,RAD-Seq,GENOMIC,SRX7816924,https://www.ncbi.nlm.nih.gov/sra/SRX7816924[accn]
Dichotomius satanas,ddRADseq of Dichotomius satanas: 1700_064,"University of Tennessee, Knoxville",Patterns of gene flow across elevation in Andean scarabs,29.83,1700_064,RAD-Seq,GENOMIC,SRX7816923,https://www.ncbi.nlm.nih.gov/sra/SRX7816923[accn]
Dichotomius satanas,ddRADseq of Dichotomius satanas: MA2150_231,"University of Tennessee, Knoxville",Patterns of gene flow across elevation in Andean scarabs,18.68,MA2150_231,RAD-Seq,GENOMIC,SRX7816919,https://www.ncbi.nlm.nih.gov/sra/SRX7816919[accn]
Dichotomius satanas,ddRADseq of Dichotomius satanas: MA2150_228,"University of Tennessee, Knoxville",Patterns of gene flow across elevation in Andean scarabs,34.72,MA2150_228,RAD-Seq,GENOMIC,SRX7816918,https://www.ncbi.nlm.nih.gov/sra/SRX7816918[accn]
Dichotomius satanas,ddRADseq of Dichotomius satanas: MA2150_225,"University of Tennessee, Knoxville",Patterns of gene flow across elevation in Andean scarabs,27.8,MA2150_225,RAD-Seq,GENOMIC,SRX7816917,https://www.ncbi.nlm.nih.gov/sra/SRX7816917[accn]
Dichotomius satanas,ddRADseq of Dichotomius satanas: MA2150_229,"University of Tennessee, Knoxville",Patterns of gene flow across elevation in Andean scarabs,27.43,MA2150_229,RAD-Seq,GENOMIC,SRX7816916,https://www.ncbi.nlm.nih.gov/sra/SRX7816916[accn]
Dichotomius satanas,ddRADseq of Dichotomius satanas: HU4_179,"University of Tennessee, Knoxville",Patterns of gene flow across elevation in Andean scarabs,25.84,HU4_179,RAD-Seq,GENOMIC,SRX7816908,https://www.ncbi.nlm.nih.gov/sra/SRX7816908[accn]
Dichotomius satanas,ddRADseq of Dichotomius satanas: HU4_178,"University of Tennessee, Knoxville",Patterns of gene flow across elevation in Andean scarabs,28.11,HU4_178,RAD-Seq,GENOMIC,SRX7816907,https://www.ncbi.nlm.nih.gov/sra/SRX7816907[accn]
Dichotomius satanas,ddRADseq of Dichotomius satanas: HU4_177,"University of Tennessee, Knoxville",Patterns of gene flow across elevation in Andean scarabs,21.41,HU4_177,RAD-Seq,GENOMIC,SRX7816906,https://www.ncbi.nlm.nih.gov/sra/SRX7816906[accn]
Dichotomius satanas,ddRADseq of Dichotomius satanas: HU4_176,"University of Tennessee, Knoxville",Patterns of gene flow across elevation in Andean scarabs,29.66,HU4_176,RAD-Seq,GENOMIC,SRX7816905,https://www.ncbi.nlm.nih.gov/sra/SRX7816905[accn]
Dichotomius satanas,ddRADseq of Dichotomius satanas: HU4_175,"University of Tennessee, Knoxville",Patterns of gene flow across elevation in Andean scarabs,32.84,HU4_175,RAD-Seq,GENOMIC,SRX7816903,https://www.ncbi.nlm.nih.gov/sra/SRX7816903[accn]
Dichotomius satanas,ddRADseq of Dichotomius satanas: HU4_174,"University of Tennessee, Knoxville",Patterns of gene flow across elevation in Andean scarabs,26.6,HU4_174,RAD-Seq,GENOMIC,SRX7816902,https://www.ncbi.nlm.nih.gov/sra/SRX7816902[accn]
Dichotomius satanas,ddRADseq of Dichotomius satanas: HU4_173,"University of Tennessee, Knoxville",Patterns of gene flow across elevation in Andean scarabs,30.62,HU4_173,RAD-Seq,GENOMIC,SRX7816901,https://www.ncbi.nlm.nih.gov/sra/SRX7816901[accn]
Dichotomius satanas,ddRADseq of Dichotomius satanas: HU4_172,"University of Tennessee, Knoxville",Patterns of gene flow across elevation in Andean scarabs,15.74,HU4_172,RAD-Seq,GENOMIC,SRX7816900,https://www.ncbi.nlm.nih.gov/sra/SRX7816900[accn]
Dichotomius satanas,ddRADseq of Dichotomius satanas: 1700_061,"University of Tennessee, Knoxville",Patterns of gene flow across elevation in Andean scarabs,0.08,1700_061,RAD-Seq,GENOMIC,SRX7816888,https://www.ncbi.nlm.nih.gov/sra/SRX7816888[accn]
Dichotomius satanas,ddRADseq of Dichotomius satanas: 1700_010,"University of Tennessee, Knoxville",Patterns of gene flow across elevation in Andean scarabs,22.64,1700_010,RAD-Seq,GENOMIC,SRX7816887,https://www.ncbi.nlm.nih.gov/sra/SRX7816887[accn]
Dichotomius satanas,ddRADseq of Dichotomius satanas: 1700_009,"University of Tennessee, Knoxville",Patterns of gene flow across elevation in Andean scarabs,29.93,1700_009,RAD-Seq,GENOMIC,SRX7816886,https://www.ncbi.nlm.nih.gov/sra/SRX7816886[accn]
Dichotomius satanas,ddRADseq of Dichotomius satanas: 1700_008,"University of Tennessee, Knoxville",Patterns of gene flow across elevation in Andean scarabs,18.78,1700_008,RAD-Seq,GENOMIC,SRX7816885,https://www.ncbi.nlm.nih.gov/sra/SRX7816885[accn]
Dichotomius satanas,ddRADseq of Dichotomius satanas: 1700_007,"University of Tennessee, Knoxville",Patterns of gene flow across elevation in Andean scarabs,29.27,1700_007,RAD-Seq,GENOMIC,SRX7816884,https://www.ncbi.nlm.nih.gov/sra/SRX7816884[accn]
Dichotomius satanas,ddRADseq of Dichotomius satanas: 1700_006,"University of Tennessee, Knoxville",Patterns of gene flow across elevation in Andean scarabs,16.92,1700_006,RAD-Seq,GENOMIC,SRX7816883,https://www.ncbi.nlm.nih.gov/sra/SRX7816883[accn]
Dichotomius satanas,ddRADseq of Dichotomius satanas: 1575_073,"University of Tennessee, Knoxville",Patterns of gene flow across elevation in Andean scarabs,29.07,1575_073,RAD-Seq,GENOMIC,SRX7816872,https://www.ncbi.nlm.nih.gov/sra/SRX7816872[accn]
Dichotomius satanas,ddRADseq of Dichotomius satanas: 1575_072,"University of Tennessee, Knoxville",Patterns of gene flow across elevation in Andean scarabs,27.25,1575_072,RAD-Seq,GENOMIC,SRX7816871,https://www.ncbi.nlm.nih.gov/sra/SRX7816871[accn]
Dichotomius satanas,ddRADseq of Dichotomius satanas: 1575_071,"University of Tennessee, Knoxville",Patterns of gene flow across elevation in Andean scarabs,29.65,1575_071,RAD-Seq,GENOMIC,SRX7816870,https://www.ncbi.nlm.nih.gov/sra/SRX7816870[accn]
Dichotomius satanas,ddRADseq of Dichotomius satanas: 1575_070,"University of Tennessee, Knoxville",Patterns of gene flow across elevation in Andean scarabs,32.37,1575_070,RAD-Seq,GENOMIC,SRX7816869,https://www.ncbi.nlm.nih.gov/sra/SRX7816869[accn]
Dichotomius satanas,ddRADseq of Dichotomius satanas: 1575_069,"University of Tennessee, Knoxville",Patterns of gene flow across elevation in Andean scarabs,29.4,1575_069,RAD-Seq,GENOMIC,SRX7816868,https://www.ncbi.nlm.nih.gov/sra/SRX7816868[accn]
Dichotomius satanas,ddRADseq of Dichotomius satanas: 1575_025,"University of Tennessee, Knoxville",Patterns of gene flow across elevation in Andean scarabs,31.27,1575_025,RAD-Seq,GENOMIC,SRX7816866,https://www.ncbi.nlm.nih.gov/sra/SRX7816866[accn]
Dichotomius satanas,ddRADseq of Dichotomius satanas: 1575_024,"University of Tennessee, Knoxville",Patterns of gene flow across elevation in Andean scarabs,25.9,1575_024,RAD-Seq,GENOMIC,SRX7816865,https://www.ncbi.nlm.nih.gov/sra/SRX7816865[accn]
Dichotomius satanas,ddRADseq of Dichotomius satanas: 1575_023,"University of Tennessee, Knoxville",Patterns of gene flow across elevation in Andean scarabs,31.37,1575_023,RAD-Seq,GENOMIC,SRX7816864,https://www.ncbi.nlm.nih.gov/sra/SRX7816864[accn]
Dichotomius satanas,ddRADseq of Dichotomius satanas: 1575_022,"University of Tennessee, Knoxville",Patterns of gene flow across elevation in Andean scarabs,28.89,1575_022,RAD-Seq,GENOMIC,SRX7816863,https://www.ncbi.nlm.nih.gov/sra/SRX7816863[accn]
Dichotomius satanas,ddRADseq of Dichotomius satanas: 1575_021,"University of Tennessee, Knoxville",Patterns of gene flow across elevation in Andean scarabs,29.96,1575_021,RAD-Seq,GENOMIC,SRX7816862,https://www.ncbi.nlm.nih.gov/sra/SRX7816862[accn]
Dichotomius satanas,ddRADseq of Dichotomius satanas: 1575_060,"University of Tennessee, Knoxville",Patterns of gene flow across elevation in Andean scarabs,23.08,1575_060,RAD-Seq,GENOMIC,SRX7816861,https://www.ncbi.nlm.nih.gov/sra/SRX7816861[accn]
Dichotomius satanas,ddRADseq of Dichotomius satanas: 1575_059,"University of Tennessee, Knoxville",Patterns of gene flow across elevation in Andean scarabs,24.55,1575_059,RAD-Seq,GENOMIC,SRX7816860,https://www.ncbi.nlm.nih.gov/sra/SRX7816860[accn]
Dichotomius satanas,ddRADseq of Dichotomius satanas: 1575_058,"University of Tennessee, Knoxville",Patterns of gene flow across elevation in Andean scarabs,31.54,1575_058,RAD-Seq,GENOMIC,SRX7816859,https://www.ncbi.nlm.nih.gov/sra/SRX7816859[accn]
Dichotomius satanas,ddRADseq of Dichotomius satanas: 1575_057,"University of Tennessee, Knoxville",Patterns of gene flow across elevation in Andean scarabs,26.14,1575_057,RAD-Seq,GENOMIC,SRX7816858,https://www.ncbi.nlm.nih.gov/sra/SRX7816858[accn]
Dichotomius satanas,ddRADseq of Dichotomius satanas: 1575_056,"University of Tennessee, Knoxville",Patterns of gene flow across elevation in Andean scarabs,27.63,1575_056,RAD-Seq,GENOMIC,SRX7816857,https://www.ncbi.nlm.nih.gov/sra/SRX7816857[accn]
Dichotomius satanas,ddRADseq of Dichotomius satanas: 1575_005,"University of Tennessee, Knoxville",Patterns of gene flow across elevation in Andean scarabs,22.57,1575_005,RAD-Seq,GENOMIC,SRX7816855,https://www.ncbi.nlm.nih.gov/sra/SRX7816855[accn]
Dichotomius satanas,ddRADseq of Dichotomius satanas: 1575_004,"University of Tennessee, Knoxville",Patterns of gene flow across elevation in Andean scarabs,17.76,1575_004,RAD-Seq,GENOMIC,SRX7816854,https://www.ncbi.nlm.nih.gov/sra/SRX7816854[accn]
Dichotomius satanas,ddRADseq of Dichotomius satanas: 1575_003,"University of Tennessee, Knoxville",Patterns of gene flow across elevation in Andean scarabs,22.28,1575_003,RAD-Seq,GENOMIC,SRX7816853,https://www.ncbi.nlm.nih.gov/sra/SRX7816853[accn]
Dichotomius satanas,ddRADseq of Dichotomius satanas: 1575_002,"University of Tennessee, Knoxville",Patterns of gene flow across elevation in Andean scarabs,26.68,1575_002,RAD-Seq,GENOMIC,SRX7816852,https://www.ncbi.nlm.nih.gov/sra/SRX7816852[accn]
Dichotomius satanas,ddRADseq of Dichotomius satanas: 1575_001,"University of Tennessee, Knoxville",Patterns of gene flow across elevation in Andean scarabs,27.14,1575_001,RAD-Seq,GENOMIC,SRX7816851,https://www.ncbi.nlm.nih.gov/sra/SRX7816851[accn]
Dichotomius satanas,ddRADseq of Dichotomius satanas: HU3_106,"University of Tennessee, Knoxville",Patterns of gene flow across elevation in Andean scarabs,38.86,HU3_106,RAD-Seq,GENOMIC,SRX7816833,https://www.ncbi.nlm.nih.gov/sra/SRX7816833[accn]
Dichotomius satanas,ddRADseq of Dichotomius satanas: HU3_105,"University of Tennessee, Knoxville",Patterns of gene flow across elevation in Andean scarabs,37.27,HU3_105,RAD-Seq,GENOMIC,SRX7816832,https://www.ncbi.nlm.nih.gov/sra/SRX7816832[accn]
Dichotomius satanas,ddRADseq of Dichotomius satanas: HU3_104,"University of Tennessee, Knoxville",Patterns of gene flow across elevation in Andean scarabs,29.85,HU3_104,RAD-Seq,GENOMIC,SRX7816831,https://www.ncbi.nlm.nih.gov/sra/SRX7816831[accn]
Dichotomius satanas,ddRADseq of Dichotomius satanas: HU3_103,"University of Tennessee, Knoxville",Patterns of gene flow across elevation in Andean scarabs,30.13,HU3_103,RAD-Seq,GENOMIC,SRX7816830,https://www.ncbi.nlm.nih.gov/sra/SRX7816830[accn]
Dichotomius satanas,ddRADseq of Dichotomius satanas: HU3_102,"University of Tennessee, Knoxville",Patterns of gene flow across elevation in Andean scarabs,30.97,HU3_102,RAD-Seq,GENOMIC,SRX7816829,https://www.ncbi.nlm.nih.gov/sra/SRX7816829[accn]
Dichotomius satanas,ddRADseq of Dichotomius satanas: HU3_101,"University of Tennessee, Knoxville",Patterns of gene flow across elevation in Andean scarabs,33.04,HU3_101,RAD-Seq,GENOMIC,SRX7816827,https://www.ncbi.nlm.nih.gov/sra/SRX7816827[accn]
Dichotomius satanas,ddRADseq of Dichotomius satanas: HU3_100,"University of Tennessee, Knoxville",Patterns of gene flow across elevation in Andean scarabs,33.82,HU3_100,RAD-Seq,GENOMIC,SRX7816826,https://www.ncbi.nlm.nih.gov/sra/SRX7816826[accn]
Dichotomius satanas,ddRADseq of Dichotomius satanas: HU3_099,"University of Tennessee, Knoxville",Patterns of gene flow across elevation in Andean scarabs,18.39,HU3_099,RAD-Seq,GENOMIC,SRX7816825,https://www.ncbi.nlm.nih.gov/sra/SRX7816825[accn]
Dichotomius satanas,ddRADseq of Dichotomius satanas: 1950_085,"University of Tennessee, Knoxville",Patterns of gene flow across elevation in Andean scarabs,24.92,1950_085,RAD-Seq,GENOMIC,SRX7816815,https://www.ncbi.nlm.nih.gov/sra/SRX7816815[accn]
Dichotomius satanas,ddRADseq of Dichotomius satanas: 1950_084,"University of Tennessee, Knoxville",Patterns of gene flow across elevation in Andean scarabs,32.13,1950_084,RAD-Seq,GENOMIC,SRX7816814,https://www.ncbi.nlm.nih.gov/sra/SRX7816814[accn]
Dichotomius satanas,ddRADseq of Dichotomius satanas: 1950_083,"University of Tennessee, Knoxville",Patterns of gene flow across elevation in Andean scarabs,27.65,1950_083,RAD-Seq,GENOMIC,SRX7816813,https://www.ncbi.nlm.nih.gov/sra/SRX7816813[accn]
Dichotomius satanas,ddRADseq of Dichotomius satanas: 1950_082,"University of Tennessee, Knoxville",Patterns of gene flow across elevation in Andean scarabs,21.57,1950_082,RAD-Seq,GENOMIC,SRX7816812,https://www.ncbi.nlm.nih.gov/sra/SRX7816812[accn]
Dichotomius satanas,ddRADseq of Dichotomius satanas: 1950_081,"University of Tennessee, Knoxville",Patterns of gene flow across elevation in Andean scarabs,21.73,1950_081,RAD-Seq,GENOMIC,SRX7816811,https://www.ncbi.nlm.nih.gov/sra/SRX7816811[accn]
Dichotomius satanas,ddRADseq of Dichotomius satanas: 1950_040,"University of Tennessee, Knoxville",Patterns of gene flow across elevation in Andean scarabs,32.85,1950_040,RAD-Seq,GENOMIC,SRX7816810,https://www.ncbi.nlm.nih.gov/sra/SRX7816810[accn]
Dichotomius satanas,ddRADseq of Dichotomius satanas: 1950_039,"University of Tennessee, Knoxville",Patterns of gene flow across elevation in Andean scarabs,25.18,1950_039,RAD-Seq,GENOMIC,SRX7816809,https://www.ncbi.nlm.nih.gov/sra/SRX7816809[accn]
Dichotomius satanas,ddRADseq of Dichotomius satanas: 1950_038,"University of Tennessee, Knoxville",Patterns of gene flow across elevation in Andean scarabs,36.99,1950_038,RAD-Seq,GENOMIC,SRX7816808,https://www.ncbi.nlm.nih.gov/sra/SRX7816808[accn]
Dichotomius satanas,ddRADseq of Dichotomius satanas: 1950_037,"University of Tennessee, Knoxville",Patterns of gene flow across elevation in Andean scarabs,32.03,1950_037,RAD-Seq,GENOMIC,SRX7816807,https://www.ncbi.nlm.nih.gov/sra/SRX7816807[accn]
Dichotomius satanas,ddRADseq of Dichotomius satanas: 1950_036,"University of Tennessee, Knoxville",Patterns of gene flow across elevation in Andean scarabs,19.05,1950_036,RAD-Seq,GENOMIC,SRX7816805,https://www.ncbi.nlm.nih.gov/sra/SRX7816805[accn]
Dichotomius satanas,ddRADseq of Dichotomius satanas: 1950_0121,"University of Tennessee, Knoxville",Patterns of gene flow across elevation in Andean scarabs,19.79,1950_0121,RAD-Seq,GENOMIC,SRX7816804,https://www.ncbi.nlm.nih.gov/sra/SRX7816804[accn]
Dichotomius satanas,ddRADseq of Dichotomius satanas: 1950_0120,"University of Tennessee, Knoxville",Patterns of gene flow across elevation in Andean scarabs,28.93,1950_0120,RAD-Seq,GENOMIC,SRX7816803,https://www.ncbi.nlm.nih.gov/sra/SRX7816803[accn]
Dichotomius satanas,ddRADseq of Dichotomius satanas: 1950_0119,"University of Tennessee, Knoxville",Patterns of gene flow across elevation in Andean scarabs,29.26,1950_0119,RAD-Seq,GENOMIC,SRX7816802,https://www.ncbi.nlm.nih.gov/sra/SRX7816802[accn]
Dichotomius satanas,ddRADseq of Dichotomius satanas: 1950_0118,"University of Tennessee, Knoxville",Patterns of gene flow across elevation in Andean scarabs,14.84,1950_0118,RAD-Seq,GENOMIC,SRX7816801,https://www.ncbi.nlm.nih.gov/sra/SRX7816801[accn]
Dichotomius satanas,ddRADseq of Dichotomius satanas: 1950_0117,"University of Tennessee, Knoxville",Patterns of gene flow across elevation in Andean scarabs,23.45,1950_0117,RAD-Seq,GENOMIC,SRX7816800,https://www.ncbi.nlm.nih.gov/sra/SRX7816800[accn]
Dichotomius satanas,ddRADseq of Dichotomius satanas: 1700_063,"University of Tennessee, Knoxville",Patterns of gene flow across elevation in Andean scarabs,21.56,1700_063,RAD-Seq,GENOMIC,SRX7816799,https://www.ncbi.nlm.nih.gov/sra/SRX7816799[accn]
Dichotomius satanas,ddRADseq of Dichotomius satanas: 1700_062,"University of Tennessee, Knoxville",Patterns of gene flow across elevation in Andean scarabs,31.4,1700_062,RAD-Seq,GENOMIC,SRX7816798,https://www.ncbi.nlm.nih.gov/sra/SRX7816798[accn]
Dichotomius satanas,Dichotomius satanas adult female fatty body estimulated,Universidad del Quindio,Bioprospeccion de peptidos antimicrobianos de escarabajos coprofagos del paisaje cultural cafetero,12492.75,D_sat_estim,RNA-Seq,TRANSCRIPTOMIC,SRX5291036,https://www.ncbi.nlm.nih.gov/sra/SRX5291036[accn]
Dichotomius satanas,Dichotomius satanas adult female fatty body,Universidad del Quindio,Bioprospeccion de peptidos antimicrobianos de escarabajos coprofagos del paisaje cultural cafetero,11342.14,D_sat_control,RNA-Seq,TRANSCRIPTOMIC,SRX5291035,https://www.ncbi.nlm.nih.gov/sra/SRX5291035[accn]
Dichotomius schiffleri,Illumina HiSeq 2000 paired end sequencing,Instituto Aggeu Magalhaes,The mobilome of Dichotomius (Luederwaldtinia) schiffleri,3299.04,unspecified,WGS,GENOMIC,ERX3978587,https://www.ncbi.nlm.nih.gov/sra/ERX3978587[accn]
Digitonthophagus gazella,Dovetail OmniC reads from genomic DNA of Digitonthophagus gazella,Indiana University,Digitonthophagus gazella isolate:SAFR Genome sequencing,15113.72,Dgaz_HiC,Hi-C,GENOMIC,SRX20210459,https://www.ncbi.nlm.nih.gov/sra/SRX20210459[accn]
Digitonthophagus gazella,PacBio HiFi CCS reads from genomic DNA of Digitonthophagus gazella,Indiana University,Digitonthophagus gazella isolate:SAFR Genome sequencing,13384.02,Dgaz_HiFi,WGS,GENOMIC,SRX20210458,https://www.ncbi.nlm.nih.gov/sra/SRX20210458[accn]
Digitonthophagus gazella,Digitonthophagus gazella: male foretibia,Indiana University,Tibia sequencing,670.05,H_rep4,RNA-Seq,TRANSCRIPTOMIC,SRX10475355,https://www.ncbi.nlm.nih.gov/sra/SRX10475355[accn]
Digitonthophagus gazella,Digitonthophagus gazella: male foretibia,Indiana University,Tibia sequencing,565.58,H_rep3,RNA-Seq,TRANSCRIPTOMIC,SRX10475354,https://www.ncbi.nlm.nih.gov/sra/SRX10475354[accn]
Digitonthophagus gazella,Digitonthophagus gazella: male foretibia,Indiana University,Tibia sequencing,622.83,H_rep2,RNA-Seq,TRANSCRIPTOMIC,SRX10475353,https://www.ncbi.nlm.nih.gov/sra/SRX10475353[accn]
Digitonthophagus gazella,Digitonthophagus gazella: male foretibia,Indiana University,Tibia sequencing,625.65,H_rep1,RNA-Seq,TRANSCRIPTOMIC,SRX10475352,https://www.ncbi.nlm.nih.gov/sra/SRX10475352[accn]
Digitonthophagus gazella,Digitonthophagus gazella: female foretibia,Indiana University,Tibia sequencing,684.86,F_rep6,RNA-Seq,TRANSCRIPTOMIC,SRX10475351,https://www.ncbi.nlm.nih.gov/sra/SRX10475351[accn]
Digitonthophagus gazella,Digitonthophagus gazella: female foretibia,Indiana University,Tibia sequencing,597.45,F_rep5,RNA-Seq,TRANSCRIPTOMIC,SRX10475350,https://www.ncbi.nlm.nih.gov/sra/SRX10475350[accn]
Digitonthophagus gazella,Digitonthophagus gazella: female foretibia,Indiana University,Tibia sequencing,642.49,F_rep4,RNA-Seq,TRANSCRIPTOMIC,SRX10475349,https://www.ncbi.nlm.nih.gov/sra/SRX10475349[accn]
Digitonthophagus gazella,Digitonthophagus gazella: male hindtibia,Indiana University,Tibia sequencing,680.01,S_rep6,RNA-Seq,TRANSCRIPTOMIC,SRX10475348,https://www.ncbi.nlm.nih.gov/sra/SRX10475348[accn]
Digitonthophagus gazella,Digitonthophagus gazella: male hindtibia,Indiana University,Tibia sequencing,669.95,S_rep5,RNA-Seq,TRANSCRIPTOMIC,SRX10475347,https://www.ncbi.nlm.nih.gov/sra/SRX10475347[accn]
Digitonthophagus gazella,Digitonthophagus gazella: male hindtibia,Indiana University,Tibia sequencing,669.05,S_rep4,RNA-Seq,TRANSCRIPTOMIC,SRX10475346,https://www.ncbi.nlm.nih.gov/sra/SRX10475346[accn]
Digitonthophagus gazella,Digitonthophagus gazella: male hindtibia,Indiana University,Tibia sequencing,619.78,S_rep3,RNA-Seq,TRANSCRIPTOMIC,SRX10475345,https://www.ncbi.nlm.nih.gov/sra/SRX10475345[accn]
Digitonthophagus gazella,Digitonthophagus gazella: female foretibia,Indiana University,Tibia sequencing,758.3,F_rep3,RNA-Seq,TRANSCRIPTOMIC,SRX10475344,https://www.ncbi.nlm.nih.gov/sra/SRX10475344[accn]
Digitonthophagus gazella,Digitonthophagus gazella: male hindtibia,Indiana University,Tibia sequencing,690.42,S_rep2,RNA-Seq,TRANSCRIPTOMIC,SRX10475343,https://www.ncbi.nlm.nih.gov/sra/SRX10475343[accn]
Digitonthophagus gazella,Digitonthophagus gazella: male hindtibia,Indiana University,Tibia sequencing,647.47,S_rep1,RNA-Seq,TRANSCRIPTOMIC,SRX10475342,https://www.ncbi.nlm.nih.gov/sra/SRX10475342[accn]
Digitonthophagus gazella,Digitonthophagus gazella: male foretibia,Indiana University,Tibia sequencing,656.91,L_rep6,RNA-Seq,TRANSCRIPTOMIC,SRX10475341,https://www.ncbi.nlm.nih.gov/sra/SRX10475341[accn]
Digitonthophagus gazella,Digitonthophagus gazella: male foretibia,Indiana University,Tibia sequencing,583.98,L_rep5,RNA-Seq,TRANSCRIPTOMIC,SRX10475340,https://www.ncbi.nlm.nih.gov/sra/SRX10475340[accn]
Digitonthophagus gazella,Digitonthophagus gazella: male foretibia,Indiana University,Tibia sequencing,607.21,L_rep4,RNA-Seq,TRANSCRIPTOMIC,SRX10475339,https://www.ncbi.nlm.nih.gov/sra/SRX10475339[accn]
Digitonthophagus gazella,Digitonthophagus gazella: male foretibia,Indiana University,Tibia sequencing,593.04,L_rep3,RNA-Seq,TRANSCRIPTOMIC,SRX10475338,https://www.ncbi.nlm.nih.gov/sra/SRX10475338[accn]
Digitonthophagus gazella,Digitonthophagus gazella: male foretibia,Indiana University,Tibia sequencing,601.01,L_rep2,RNA-Seq,TRANSCRIPTOMIC,SRX10475337,https://www.ncbi.nlm.nih.gov/sra/SRX10475337[accn]
Digitonthophagus gazella,Digitonthophagus gazella: male foretibia,Indiana University,Tibia sequencing,682.29,L_rep1,RNA-Seq,TRANSCRIPTOMIC,SRX10475336,https://www.ncbi.nlm.nih.gov/sra/SRX10475336[accn]
Digitonthophagus gazella,Digitonthophagus gazella: male foretibia,Indiana University,Tibia sequencing,616.59,H_rep6,RNA-Seq,TRANSCRIPTOMIC,SRX10475335,https://www.ncbi.nlm.nih.gov/sra/SRX10475335[accn]
Digitonthophagus gazella,Digitonthophagus gazella: male foretibia,Indiana University,Tibia sequencing,615.69,H_rep5,RNA-Seq,TRANSCRIPTOMIC,SRX10475334,https://www.ncbi.nlm.nih.gov/sra/SRX10475334[accn]
Digitonthophagus gazella,Digitonthophagus gazella: female foretibia,Indiana University,Tibia sequencing,583.72,F_rep2,RNA-Seq,TRANSCRIPTOMIC,SRX10475333,https://www.ncbi.nlm.nih.gov/sra/SRX10475333[accn]
Digitonthophagus gazella,Digitonthophagus gazella: female foretibia,Indiana University,Tibia sequencing,620.81,F_rep1,RNA-Seq,TRANSCRIPTOMIC,SRX10475332,https://www.ncbi.nlm.nih.gov/sra/SRX10475332[accn]
Digitonthophagus gazella,Digitonthophagus gazella: posterior dorsal head epithelium from high nutrition pupa,Indiana University,Nutrition-responsive horn development in horned beetles,620.38,GSF1556-18-Dgaz-large_S10_R1_001,RNA-Seq,TRANSCRIPTOMIC,SRX7782603,https://www.ncbi.nlm.nih.gov/sra/SRX7782603[accn]
Digitonthophagus gazella,Digitonthophagus gazella: posterior dorsal head epithelium from high nutrition pupa,Indiana University,Nutrition-responsive horn development in horned beetles,693.4,GSF1556-15-Dgaz-large_S9_R1_001,RNA-Seq,TRANSCRIPTOMIC,SRX7782602,https://www.ncbi.nlm.nih.gov/sra/SRX7782602[accn]
Digitonthophagus gazella,Digitonthophagus gazella: posterior dorsal head epithelium from high nutrition pupa,Indiana University,Nutrition-responsive horn development in horned beetles,615.55,GSF1556-13-Dgaz-large_S8_R1_001,RNA-Seq,TRANSCRIPTOMIC,SRX7782601,https://www.ncbi.nlm.nih.gov/sra/SRX7782601[accn]
Digitonthophagus gazella,Digitonthophagus gazella: posterior dorsal head epithelium from high nutrition pupa,Indiana University,Nutrition-responsive horn development in horned beetles,579.77,GSF1556-12-Dgaz-large_S7_R1_001,RNA-Seq,TRANSCRIPTOMIC,SRX7782600,https://www.ncbi.nlm.nih.gov/sra/SRX7782600[accn]
Digitonthophagus gazella,Digitonthophagus gazella: posterior dorsal head epithelium from low nutrition pupa,Indiana University,Nutrition-responsive horn development in horned beetles,586.6,GSF1556-9-Dgaz-small_S6_R1_001,RNA-Seq,TRANSCRIPTOMIC,SRX7782599,https://www.ncbi.nlm.nih.gov/sra/SRX7782599[accn]
Digitonthophagus gazella,Digitonthophagus gazella: posterior dorsal head epithelium from low nutrition pupa,Indiana University,Nutrition-responsive horn development in horned beetles,557.13,GSF1556-8-Dgaz-small_S5_R1_001,RNA-Seq,TRANSCRIPTOMIC,SRX7782590,https://www.ncbi.nlm.nih.gov/sra/SRX7782590[accn]
Digitonthophagus gazella,Digitonthophagus gazella: posterior dorsal head epithelium from low nutrition pupa,Indiana University,Nutrition-responsive horn development in horned beetles,624.45,GSF1556-7-Dgaz-small_S4_R1_001,RNA-Seq,TRANSCRIPTOMIC,SRX7782579,https://www.ncbi.nlm.nih.gov/sra/SRX7782579[accn]
Digitonthophagus gazella,Digitonthophagus gazella: posterior dorsal head epithelium from low nutrition pupa,Indiana University,Nutrition-responsive horn development in horned beetles,624.57,GSF1556-6-Dgaz-small_S3_R1_001,RNA-Seq,TRANSCRIPTOMIC,SRX7782568,https://www.ncbi.nlm.nih.gov/sra/SRX7782568[accn]
Digitonthophagus gazella,Digitonthophagus gazella: posterior dorsal head epithelium from high nutrition pupa,Indiana University,Nutrition-responsive horn development in horned beetles,676.27,GSF1556-20-Dgaz-large_S12_R1_001,RNA-Seq,TRANSCRIPTOMIC,SRX7782559,https://www.ncbi.nlm.nih.gov/sra/SRX7782559[accn]
Digitonthophagus gazella,Digitonthophagus gazella: posterior dorsal head epithelium from high nutrition pupa,Indiana University,Nutrition-responsive horn development in horned beetles,618.22,GSF1556-19-Dgaz-large_S11_R1_001,RNA-Seq,TRANSCRIPTOMIC,SRX7782558,https://www.ncbi.nlm.nih.gov/sra/SRX7782558[accn]
Digitonthophagus gazella,Digitonthophagus gazella: posterior dorsal head epithelium from low nutrition pupa,Indiana University,Nutrition-responsive horn development in horned beetles,751.96,GSF1556-2-Dgaz-small_S2_R1_001,RNA-Seq,TRANSCRIPTOMIC,SRX7782557,https://www.ncbi.nlm.nih.gov/sra/SRX7782557[accn]
Digitonthophagus gazella,Digitonthophagus gazella: posterior dorsal head epithelium from low nutrition pupa,Indiana University,Nutrition-responsive horn development in horned beetles,568.86,GSF1556-1-Dgaz-small_S1_R1_001,RNA-Seq,TRANSCRIPTOMIC,SRX7782556,https://www.ncbi.nlm.nih.gov/sra/SRX7782556[accn]
Drepanopodus proximus,DreproSTL10001,University of Helsinki,Historical DNA of Dung Beatles (Coleoptera:Scarabaeidae:Scarabaeinae),143.71,S3912,Targeted-Capture,GENOMIC,SRX22207642,https://www.ncbi.nlm.nih.gov/sra/SRX22207642[accn]
Epilissus cuprarius,EpcupSTL5011,University of Helsinki,Historical DNA of Dung Beatles (Coleoptera:Scarabaeidae:Scarabaeinae),126.39,S3944,Targeted-Capture,GENOMIC,SRX22207644,https://www.ncbi.nlm.nih.gov/sra/SRX22207644[accn]
Epirinus cf. silvestris,EpsilSTL10018,University of Helsinki,Historical DNA of Dung Beatles (Coleoptera:Scarabaeidae:Scarabaeinae),335.79,S3914,Targeted-Capture,GENOMIC,SRX22207646,https://www.ncbi.nlm.nih.gov/sra/SRX22207646[accn]
Epirinus sp.,Epir1STL43,University of Helsinki,Historical DNA of Dung Beatles (Coleoptera:Scarabaeidae:Scarabaeinae),153.37,S687,Targeted-Capture,GENOMIC,SRX22207645,https://www.ncbi.nlm.nih.gov/sra/SRX22207645[accn]
Euoniticellus fulvus,Raw reads from transcriptome sequencing of Euoniticellus fulvus,Zoological Research Museum Alexander Koenig,Transcriptome-based phylogeny of Scarabaeoidea,1293.19,ZFMK-DA-RNAL69,RNA-Seq,TRANSCRIPTOMIC,SRX19356006,https://www.ncbi.nlm.nih.gov/sra/SRX19356006[accn]
Euoniticellus sp.,Euon1COL1279,University of Helsinki,Historical DNA of Dung Beatles (Coleoptera:Scarabaeidae:Scarabaeinae),675.85,S4056,Targeted-Capture,GENOMIC,SRX22207647,https://www.ncbi.nlm.nih.gov/sra/SRX22207647[accn]
Eurysternus aff. 'floccosus' EL-2020,ddRADseq of Eurysternus affin flocossus ??: 1175_138,"University of Tennessee, Knoxville",Patterns of gene flow across elevation in Andean scarabs,32.29,1175_138,RAD-Seq,GENOMIC,SRX7817024,https://www.ncbi.nlm.nih.gov/sra/SRX7817024[accn]
Eurysternus aff. 'floccosus' EL-2020,ddRADseq of Eurysternus affin flocossus ??: 1175_137,"University of Tennessee, Knoxville",Patterns of gene flow across elevation in Andean scarabs,21.59,1175_137,RAD-Seq,GENOMIC,SRX7817022,https://www.ncbi.nlm.nih.gov/sra/SRX7817022[accn]
Eurysternus aff. 'floccosus' EL-2020,ddRADseq of Eurysternus affin flocossus: 1175_141,"University of Tennessee, Knoxville",Patterns of gene flow across elevation in Andean scarabs,18.27,1175_141,RAD-Seq,GENOMIC,SRX7817021,https://www.ncbi.nlm.nih.gov/sra/SRX7817021[accn]
Eurysternus aff. 'floccosus' EL-2020,ddRADseq of Eurysternus affin flocossus: 1175_140,"University of Tennessee, Knoxville",Patterns of gene flow across elevation in Andean scarabs,30.95,1175_140,RAD-Seq,GENOMIC,SRX7817020,https://www.ncbi.nlm.nih.gov/sra/SRX7817020[accn]
Eurysternus aff. 'floccosus' EL-2020,ddRADseq of Eurysternus affin flocossus: 1175_139,"University of Tennessee, Knoxville",Patterns of gene flow across elevation in Andean scarabs,26.37,1175_139,RAD-Seq,GENOMIC,SRX7817019,https://www.ncbi.nlm.nih.gov/sra/SRX7817019[accn]
Eurysternus aff. 'floccosus' EL-2020,ddRADseq of Eurysternus affin flocossus: 1050_151,"University of Tennessee, Knoxville",Patterns of gene flow across elevation in Andean scarabs,26.94,1050_151,RAD-Seq,GENOMIC,SRX7817018,https://www.ncbi.nlm.nih.gov/sra/SRX7817018[accn]
Eurysternus aff. 'floccosus' EL-2020,ddRADseq of Eurysternus affin flocossus: 1050_150,"University of Tennessee, Knoxville",Patterns of gene flow across elevation in Andean scarabs,22.27,1050_150,RAD-Seq,GENOMIC,SRX7817017,https://www.ncbi.nlm.nih.gov/sra/SRX7817017[accn]
Eurysternus aff. 'floccosus' EL-2020,ddRADseq of Eurysternus affin flocossus: 1050_149,"University of Tennessee, Knoxville",Patterns of gene flow across elevation in Andean scarabs,22.76,1050_149,RAD-Seq,GENOMIC,SRX7817016,https://www.ncbi.nlm.nih.gov/sra/SRX7817016[accn]
Eurysternus aff. 'floccosus' EL-2020,ddRADseq of Eurysternus affin flocossus: 1050_148,"University of Tennessee, Knoxville",Patterns of gene flow across elevation in Andean scarabs,19.04,1050_148,RAD-Seq,GENOMIC,SRX7817015,https://www.ncbi.nlm.nih.gov/sra/SRX7817015[accn]
Eurysternus aff. 'floccosus' EL-2020,ddRADseq of Eurysternus affin flocossus: 1050_147,"University of Tennessee, Knoxville",Patterns of gene flow across elevation in Andean scarabs,26.52,1050_147,RAD-Seq,GENOMIC,SRX7817014,https://www.ncbi.nlm.nih.gov/sra/SRX7817014[accn]
Eurysternus aff. 'floccosus' EL-2020,ddRADseq of Eurysternus affin flocossus: 1050_146,"University of Tennessee, Knoxville",Patterns of gene flow across elevation in Andean scarabs,0.11,1050_146,RAD-Seq,GENOMIC,SRX7817013,https://www.ncbi.nlm.nih.gov/sra/SRX7817013[accn]
Eurysternus aff. 'floccosus' EL-2020,ddRADseq of Eurysternus affin flocossus: 1050_145,"University of Tennessee, Knoxville",Patterns of gene flow across elevation in Andean scarabs,24.95,1050_145,RAD-Seq,GENOMIC,SRX7817011,https://www.ncbi.nlm.nih.gov/sra/SRX7817011[accn]
Eurysternus aff. 'floccosus' EL-2020,ddRADseq of Eurysternus affin flocossus: 1050_144,"University of Tennessee, Knoxville",Patterns of gene flow across elevation in Andean scarabs,23.78,1050_144,RAD-Seq,GENOMIC,SRX7817010,https://www.ncbi.nlm.nih.gov/sra/SRX7817010[accn]
Eurysternus aff. 'floccosus' EL-2020,ddRADseq of Eurysternus affin flocossus: 1050_143,"University of Tennessee, Knoxville",Patterns of gene flow across elevation in Andean scarabs,32.99,1050_143,RAD-Seq,GENOMIC,SRX7817009,https://www.ncbi.nlm.nih.gov/sra/SRX7817009[accn]
Eurysternus aff. 'floccosus' EL-2020,ddRADseq of Eurysternus affin flocossus: 1050_142,"University of Tennessee, Knoxville",Patterns of gene flow across elevation in Andean scarabs,30.73,1050_142,RAD-Seq,GENOMIC,SRX7817008,https://www.ncbi.nlm.nih.gov/sra/SRX7817008[accn]
Eurysternus aff. 'floccosus' EL-2020,ddRADseq of Eurysternus affin flocossus: 925_161,"University of Tennessee, Knoxville",Patterns of gene flow across elevation in Andean scarabs,27.57,925_161,RAD-Seq,GENOMIC,SRX7817007,https://www.ncbi.nlm.nih.gov/sra/SRX7817007[accn]
Eurysternus aff. 'floccosus' EL-2020,ddRADseq of Eurysternus affin flocossus: 925_160,"University of Tennessee, Knoxville",Patterns of gene flow across elevation in Andean scarabs,30.93,925_160,RAD-Seq,GENOMIC,SRX7817006,https://www.ncbi.nlm.nih.gov/sra/SRX7817006[accn]
Eurysternus aff. 'floccosus' EL-2020,ddRADseq of Eurysternus affin flocossus: 925_159,"University of Tennessee, Knoxville",Patterns of gene flow across elevation in Andean scarabs,26.48,925_159,RAD-Seq,GENOMIC,SRX7817005,https://www.ncbi.nlm.nih.gov/sra/SRX7817005[accn]
Eurysternus aff. 'floccosus' EL-2020,ddRADseq of Eurysternus affin flocossus: 925_158,"University of Tennessee, Knoxville",Patterns of gene flow across elevation in Andean scarabs,31.9,925_158,RAD-Seq,GENOMIC,SRX7817004,https://www.ncbi.nlm.nih.gov/sra/SRX7817004[accn]
Eurysternus aff. 'floccosus' EL-2020,ddRADseq of Eurysternus affin flocossus: 925_157,"University of Tennessee, Knoxville",Patterns of gene flow across elevation in Andean scarabs,23.39,925_157,RAD-Seq,GENOMIC,SRX7817003,https://www.ncbi.nlm.nih.gov/sra/SRX7817003[accn]
Eurysternus aff. 'floccosus' EL-2020,ddRADseq of Eurysternus affin flocossus: 925_156,"University of Tennessee, Knoxville",Patterns of gene flow across elevation in Andean scarabs,27.19,925_156,RAD-Seq,GENOMIC,SRX7817002,https://www.ncbi.nlm.nih.gov/sra/SRX7817002[accn]
Eurysternus aff. 'floccosus' EL-2020,ddRADseq of Eurysternus affin flocossus: 925_155,"University of Tennessee, Knoxville",Patterns of gene flow across elevation in Andean scarabs,24.02,925_155,RAD-Seq,GENOMIC,SRX7817000,https://www.ncbi.nlm.nih.gov/sra/SRX7817000[accn]
Eurysternus aff. 'floccosus' EL-2020,ddRADseq of Eurysternus affin flocossus: 925_154,"University of Tennessee, Knoxville",Patterns of gene flow across elevation in Andean scarabs,21.36,925_154,RAD-Seq,GENOMIC,SRX7816999,https://www.ncbi.nlm.nih.gov/sra/SRX7816999[accn]
Eurysternus aff. 'floccosus' EL-2020,ddRADseq of Eurysternus affin flocossus: 925_153,"University of Tennessee, Knoxville",Patterns of gene flow across elevation in Andean scarabs,27.6,925_153,RAD-Seq,GENOMIC,SRX7816998,https://www.ncbi.nlm.nih.gov/sra/SRX7816998[accn]
Eurysternus aff. 'floccosus' EL-2020,ddRADseq of Eurysternus affin flocossus: 925_152,"University of Tennessee, Knoxville",Patterns of gene flow across elevation in Andean scarabs,23.22,925_152,RAD-Seq,GENOMIC,SRX7816997,https://www.ncbi.nlm.nih.gov/sra/SRX7816997[accn]
Eurysternus aff. 'floccosus' EL-2020,ddRADseq of Eurysternus affin flocossus: 800_168,"University of Tennessee, Knoxville",Patterns of gene flow across elevation in Andean scarabs,33.95,800_168,RAD-Seq,GENOMIC,SRX7816986,https://www.ncbi.nlm.nih.gov/sra/SRX7816986[accn]
Eurysternus aff. 'floccosus' EL-2020,ddRADseq of Eurysternus affin flocossus: 800_167,"University of Tennessee, Knoxville",Patterns of gene flow across elevation in Andean scarabs,17.44,800_167,RAD-Seq,GENOMIC,SRX7816975,https://www.ncbi.nlm.nih.gov/sra/SRX7816975[accn]
Eurysternus aff. 'floccosus' EL-2020,ddRADseq of Eurysternus affin flocossus: 800_166,"University of Tennessee, Knoxville",Patterns of gene flow across elevation in Andean scarabs,21.96,800_166,RAD-Seq,GENOMIC,SRX7816964,https://www.ncbi.nlm.nih.gov/sra/SRX7816964[accn]
Eurysternus aff. 'floccosus' EL-2020,ddRADseq of Eurysternus affin flocossus: 800_165,"University of Tennessee, Knoxville",Patterns of gene flow across elevation in Andean scarabs,16.92,800_165,RAD-Seq,GENOMIC,SRX7816953,https://www.ncbi.nlm.nih.gov/sra/SRX7816953[accn]
Eurysternus aff. 'floccosus' EL-2020,ddRADseq of Eurysternus affin flocossus: 800_164,"University of Tennessee, Knoxville",Patterns of gene flow across elevation in Andean scarabs,33.82,800_164,RAD-Seq,GENOMIC,SRX7816942,https://www.ncbi.nlm.nih.gov/sra/SRX7816942[accn]
Eurysternus aff. 'floccosus' EL-2020,ddRADseq of Eurysternus affin flocossus: 800_163,"University of Tennessee, Knoxville",Patterns of gene flow across elevation in Andean scarabs,17.35,800_163,RAD-Seq,GENOMIC,SRX7816931,https://www.ncbi.nlm.nih.gov/sra/SRX7816931[accn]
Eurysternus aff. 'floccosus' EL-2020,ddRADseq of Eurysternus affin flocossus: 800_171,"University of Tennessee, Knoxville",Patterns of gene flow across elevation in Andean scarabs,0.08,800_171,RAD-Seq,GENOMIC,SRX7816828,https://www.ncbi.nlm.nih.gov/sra/SRX7816828[accn]
Eurysternus aff. 'floccosus' EL-2020,ddRADseq of Eurysternus affin flocossus: 800_170,"University of Tennessee, Knoxville",Patterns of gene flow across elevation in Andean scarabs,28.67,800_170,RAD-Seq,GENOMIC,SRX7816817,https://www.ncbi.nlm.nih.gov/sra/SRX7816817[accn]
Eurysternus aff. 'floccosus' EL-2020,ddRADseq of Eurysternus affin flocossus: 800_169,"University of Tennessee, Knoxville",Patterns of gene flow across elevation in Andean scarabs,17.84,800_169,RAD-Seq,GENOMIC,SRX7816806,https://www.ncbi.nlm.nih.gov/sra/SRX7816806[accn]
Eurysternus aff. 'floccosus' EL-2020,ddRADseq of Eurysternus affin flocossus: 800_162,"University of Tennessee, Knoxville",Patterns of gene flow across elevation in Andean scarabs,29.91,800_162,RAD-Seq,GENOMIC,SRX7816797,https://www.ncbi.nlm.nih.gov/sra/SRX7816797[accn]
Frankenbergerius armatus,FrarmSTL10002,University of Helsinki,Historical DNA of Dung Beatles (Coleoptera:Scarabaeidae:Scarabaeinae),153.79,S3859,Targeted-Capture,GENOMIC,SRX22207648,https://www.ncbi.nlm.nih.gov/sra/SRX22207648[accn]
Gymnopleurus geoffroyi,GGD2_R1,Sangji University,"The complete mitochondrial genomes of two ball-rolling dung beetle species, Gymnopleurus mopsus (Pallas, 1781) and Gymnopleurus geoffroyi (Fuessly, 1775) (Coleoptera: Scarabaeidae: Scarabaeinae)",3212.6,GGD2_R1,WGS,GENOMIC,SRX22811226,https://www.ncbi.nlm.nih.gov/sra/SRX22811226[accn]
Gymnopleurus mopsus,Gmmt3_R1,Sangji University,Gymnopleurus mopsus Raw sequence reads,3626.92,Gmmt3_R1,WGS,GENOMIC,SRX22725257,https://www.ncbi.nlm.nih.gov/sra/SRX22725257[accn]
Gyronotus pumilus,GypumSTL10003,University of Helsinki,Historical DNA of Dung Beatles (Coleoptera:Scarabaeidae:Scarabaeinae),170.61,S3898,Targeted-Capture,GENOMIC,SRX22207651,https://www.ncbi.nlm.nih.gov/sra/SRX22207651[accn]
Hamonthophagus depressus,HadepSTL10013,University of Helsinki,Historical DNA of Dung Beatles (Coleoptera:Scarabaeidae:Scarabaeinae),475.53,S3861,Targeted-Capture,GENOMIC,SRX22207653,https://www.ncbi.nlm.nih.gov/sra/SRX22207653[accn]
Helictopleurus cf. furcicornis,A19FUSTL10332,University of Helsinki,Historical DNA of Dung Beatles (Coleoptera:Scarabaeidae:Scarabaeinae),65.71,S13758,Targeted-Capture,GENOMIC,SRX22207697,https://www.ncbi.nlm.nih.gov/sra/SRX22207697[accn]
Helictopleurus fasciolatus fasciolatus,A01FFSTL10324,University of Helsinki,Historical DNA of Dung Beatles (Coleoptera:Scarabaeidae:Scarabaeinae),242.37,S13937,Targeted-Capture,GENOMIC,SRX22207629,https://www.ncbi.nlm.nih.gov/sra/SRX22207629[accn]
Helictopleurus fasciolatus obscurus,A02FOSTL10334,University of Helsinki,Historical DNA of Dung Beatles (Coleoptera:Scarabaeidae:Scarabaeinae),570.82,S13741,Targeted-Capture,GENOMIC,SRX22207630,https://www.ncbi.nlm.nih.gov/sra/SRX22207630[accn]
Helictopleurus fasciolatus pseudofasciolatus,A03FPSTL10333,University of Helsinki,Historical DNA of Dung Beatles (Coleoptera:Scarabaeidae:Scarabaeinae),326.38,S13751,Targeted-Capture,GENOMIC,SRX22207641,https://www.ncbi.nlm.nih.gov/sra/SRX22207641[accn]
Helictopleurus neoamplicollis,HeneoSTL5024,University of Helsinki,Historical DNA of Dung Beatles (Coleoptera:Scarabaeidae:Scarabaeinae),858.25,S3808,Targeted-Capture,GENOMIC,SRX22207654,https://www.ncbi.nlm.nih.gov/sra/SRX22207654[accn]
Helictopleurus neuter,A05NESTL10327,University of Helsinki,Historical DNA of Dung Beatles (Coleoptera:Scarabaeidae:Scarabaeinae),502.46,S13858,Targeted-Capture,GENOMIC,SRX22207652,https://www.ncbi.nlm.nih.gov/sra/SRX22207652[accn]
Helictopleurus nicollei,A13NISTL10319,University of Helsinki,Historical DNA of Dung Beatles (Coleoptera:Scarabaeidae:Scarabaeinae),83.51,S13987,Targeted-Capture,GENOMIC,SRX22207685,https://www.ncbi.nlm.nih.gov/sra/SRX22207685[accn]
Helictopleurus perrieri,A17PESTL10329,University of Helsinki,Historical DNA of Dung Beatles (Coleoptera:Scarabaeidae:Scarabaeinae),204.27,S13849,Targeted-Capture,GENOMIC,SRX22207696,https://www.ncbi.nlm.nih.gov/sra/SRX22207696[accn]
Helictopleurus politicollis,HepolSTL5029,University of Helsinki,Historical DNA of Dung Beatles (Coleoptera:Scarabaeidae:Scarabaeinae),342.3,S3936,Targeted-Capture,GENOMIC,SRX22207655,https://www.ncbi.nlm.nih.gov/sra/SRX22207655[accn]
Helictopleurus sinuaticornis,A0651STL10330,University of Helsinki,Historical DNA of Dung Beatles (Coleoptera:Scarabaeidae:Scarabaeinae),347.04,S13791,Targeted-Capture,GENOMIC,SRX22207663,https://www.ncbi.nlm.nih.gov/sra/SRX22207663[accn]
Helictopleurus undatus,A11UNSTL10331,University of Helsinki,Historical DNA of Dung Beatles (Coleoptera:Scarabaeidae:Scarabaeinae),158.87,S13762,Targeted-Capture,GENOMIC,SRX22207674,https://www.ncbi.nlm.nih.gov/sra/SRX22207674[accn]
Heteronitis ragazzii,HeragSTL10032,University of Helsinki,Historical DNA of Dung Beatles (Coleoptera:Scarabaeidae:Scarabaeinae),471.54,S3894,Targeted-Capture,GENOMIC,SRX22207656,https://www.ncbi.nlm.nih.gov/sra/SRX22207656[accn]
Janssensantus cf. Inexpectatus,JaineSTL10221,University of Helsinki,Historical DNA of Dung Beatles (Coleoptera:Scarabaeidae:Scarabaeinae),342.84,S716,Targeted-Capture,GENOMIC,SRX22207659,https://www.ncbi.nlm.nih.gov/sra/SRX22207659[accn]
Kheper nigroaeneus,KhnigSTL10036,University of Helsinki,Historical DNA of Dung Beatles (Coleoptera:Scarabaeidae:Scarabaeinae),103.12,S3804,Targeted-Capture,GENOMIC,SRX22207660,https://www.ncbi.nlm.nih.gov/sra/SRX22207660[accn]
Lepanus ustulatus,LeustCOL3934,University of Helsinki,Historical DNA of Dung Beatles (Coleoptera:Scarabaeidae:Scarabaeinae),324.88,S3984,Targeted-Capture,GENOMIC,SRX22207664,https://www.ncbi.nlm.nih.gov/sra/SRX22207664[accn]
Litocopris muticus,LimutSTL10027,University of Helsinki,Historical DNA of Dung Beatles (Coleoptera:Scarabaeidae:Scarabaeinae),189.02,S3989,Targeted-Capture,GENOMIC,SRX22207665,https://www.ncbi.nlm.nih.gov/sra/SRX22207665[accn]
Metacatharsius opacus,MeopaSTL10017,University of Helsinki,Historical DNA of Dung Beatles (Coleoptera:Scarabaeidae:Scarabaeinae),172.8,S3928,Targeted-Capture,GENOMIC,SRX22207668,https://www.ncbi.nlm.nih.gov/sra/SRX22207668[accn]
Microcopris sp.,Micr1STL10023,University of Helsinki,Historical DNA of Dung Beatles (Coleoptera:Scarabaeidae:Scarabaeinae),190.28,S4064,Targeted-Capture,GENOMIC,SRX22207669,https://www.ncbi.nlm.nih.gov/sra/SRX22207669[accn]
Nanos bimaculatus,Nanos bimaculatus transcriptome,University of Helsinki,Nanos beetle transcriptomes,1356.31,,RNA-Seq,TRANSCRIPTOMIC,SRX1617320,https://www.ncbi.nlm.nih.gov/sra/SRX1617320[accn]
Nanos bimaculatus,Nanos bimaculatus transcriptome,University of Helsinki,Nanos beetle transcriptomes,5220.33,,RNA-Seq,TRANSCRIPTOMIC,SRX1617319,https://www.ncbi.nlm.nih.gov/sra/SRX1617319[accn]
Nanos binotatus,Nanos binotatus transcriptome,University of Helsinki,Nanos beetle transcriptomes,3925.67,,RNA-Seq,TRANSCRIPTOMIC,SRX1617478,https://www.ncbi.nlm.nih.gov/sra/SRX1617478[accn]
Nanos dubitatus,NadubSTL5001,University of Helsinki,Historical DNA of Dung Beatles (Coleoptera:Scarabaeidae:Scarabaeinae),170.56,S3922,Targeted-Capture,GENOMIC,SRX22207670,https://www.ncbi.nlm.nih.gov/sra/SRX22207670[accn]
Nanos dubitatus,Nanos dubitatus transcriptome,University of Helsinki,Nanos beetle transcriptomes,5278.44,,RNA-Seq,TRANSCRIPTOMIC,SRX1619035,https://www.ncbi.nlm.nih.gov/sra/SRX1619035[accn]
Nanos dubitatus,Nanos dubitatus transcriptome,University of Helsinki,Nanos beetle transcriptomes,6422.95,,RNA-Seq,TRANSCRIPTOMIC,SRX1619030,https://www.ncbi.nlm.nih.gov/sra/SRX1619030[accn]
Nanos dubitatus,Nanos dubitatus transcriptome,University of Helsinki,Nanos beetle transcriptomes,3900.42,,RNA-Seq,TRANSCRIPTOMIC,SRX1617557,https://www.ncbi.nlm.nih.gov/sra/SRX1617557[accn]
Nanos dubitatus,Nanos dubitatus transcriptome,University of Helsinki,Nanos beetle transcriptomes,4663.96,,RNA-Seq,TRANSCRIPTOMIC,SRX1617532,https://www.ncbi.nlm.nih.gov/sra/SRX1617532[accn]
Nanos dubitatus,Nanos dubitatus transcriptome,University of Helsinki,Nanos beetle transcriptomes,4150.13,,RNA-Seq,TRANSCRIPTOMIC,SRX1617477,https://www.ncbi.nlm.nih.gov/sra/SRX1617477[accn]
Nanos dubitatus,nanos dubitatus transcriptome,University of Helsinki,Nanos beetle transcriptomes,5455.58,,RNA-Seq,TRANSCRIPTOMIC,SRX1615442,https://www.ncbi.nlm.nih.gov/sra/SRX1615442[accn]
Nanos manomboensis,Nanos manomboensis transcriptome,University of Helsinki,Nanos beetle transcriptomes,1533.45,,RNA-Seq,TRANSCRIPTOMIC,SRX1619089,https://www.ncbi.nlm.nih.gov/sra/SRX1619089[accn]
Nanos manomboensis,Nanos manomboensis transcriptome,University of Helsinki,Nanos beetle transcriptomes,2255.59,,RNA-Seq,TRANSCRIPTOMIC,SRX1619078,https://www.ncbi.nlm.nih.gov/sra/SRX1619078[accn]
Nanos mirjae,Nanos mirjae transcriptome,University of Helsinki,Nanos beetle transcriptomes,3020.82,,RNA-Seq,TRANSCRIPTOMIC,SRX1619033,https://www.ncbi.nlm.nih.gov/sra/SRX1619033[accn]
Nanos nitens,Nanos nitens transcriptome,University of Helsinki,Nanos beetle transcriptomes,5296.06,,RNA-Seq,TRANSCRIPTOMIC,SRX1617315,https://www.ncbi.nlm.nih.gov/sra/SRX1617315[accn]
Nanos pseudoviettei,Nanos pseudoviettei transcriptome,University of Helsinki,Nanos beetle transcriptomes,5261.37,,RNA-Seq,TRANSCRIPTOMIC,SRX1617403,https://www.ncbi.nlm.nih.gov/sra/SRX1617403[accn]
Nanos pseudoviettei,Nanos pseudoviettei transcriptome,University of Helsinki,Nanos beetle transcriptomes,4102.67,,RNA-Seq,TRANSCRIPTOMIC,SRX1617402,https://www.ncbi.nlm.nih.gov/sra/SRX1617402[accn]
Nanos vadoni,Nanos vadoni transcriptome,University of Helsinki,Nanos beetle transcriptomes,4033.32,,RNA-Seq,TRANSCRIPTOMIC,SRX1619034,https://www.ncbi.nlm.nih.gov/sra/SRX1619034[accn]
Nanos vadoni,Nanos vadoni transcriptome,University of Helsinki,Nanos beetle transcriptomes,5132.5,,RNA-Seq,TRANSCRIPTOMIC,SRX1617479,https://www.ncbi.nlm.nih.gov/sra/SRX1617479[accn]
Nanos vadoni,Nanos vadoni transcriptome,University of Helsinki,Nanos beetle transcriptomes,4481.96,,RNA-Seq,TRANSCRIPTOMIC,SRX1617317,https://www.ncbi.nlm.nih.gov/sra/SRX1617317[accn]
Nanos viettei,Nanos viettei transcriptome,University of Helsinki,Nanos beetle transcriptomes,5600.43,,RNA-Seq,TRANSCRIPTOMIC,SRX1619039,https://www.ncbi.nlm.nih.gov/sra/SRX1619039[accn]
Nanos viettei,Nanos viettei transcriptome,University of Helsinki,Nanos beetle transcriptomes,7784.16,,RNA-Seq,TRANSCRIPTOMIC,SRX1619038,https://www.ncbi.nlm.nih.gov/sra/SRX1619038[accn]
Nanos viettei,Nanos viettei transcriptome,University of Helsinki,Nanos beetle transcriptomes,1184.18,,RNA-Seq,TRANSCRIPTOMIC,SRX1617475,https://www.ncbi.nlm.nih.gov/sra/SRX1617475[accn]
Nanos viettei,Nanos viettei transcriptome,University of Helsinki,Nanos beetle transcriptomes,3973.69,,RNA-Seq,TRANSCRIPTOMIC,SRX1617405,https://www.ncbi.nlm.nih.gov/sra/SRX1617405[accn]
Neosisyphus barbarossa,Sibar_STL8,University of Helsinki,Sisyphini Raw sequence reads,213.1,Sbar_1,Targeted-Capture,GENOMIC,SRX23990348,https://www.ncbi.nlm.nih.gov/sra/SRX23990348[accn]
Neosisyphus calcaratus,Sical_STL7,University of Helsinki,Sisyphini Raw sequence reads,208.83,Scal_1,Targeted-Capture,GENOMIC,SRX23990332,https://www.ncbi.nlm.nih.gov/sra/SRX23990332[accn]
Neosisyphus infuscatus,Siinf_STL14,University of Helsinki,Sisyphini Raw sequence reads,99.89,Sinf_1,Targeted-Capture,GENOMIC,SRX23990331,https://www.ncbi.nlm.nih.gov/sra/SRX23990331[accn]
Neosisyphus mirabilis,Simir_STL11,University of Helsinki,Sisyphini Raw sequence reads,143.9,Smir_1,Targeted-Capture,GENOMIC,SRX23990334,https://www.ncbi.nlm.nih.gov/sra/SRX23990334[accn]
Neosisyphus rubrus,Sirub_STL12,University of Helsinki,Sisyphini Raw sequence reads,277.61,Srub_1,Targeted-Capture,GENOMIC,SRX23990333,https://www.ncbi.nlm.nih.gov/sra/SRX23990333[accn]
Neosisyphus spinipes,Sispi_STL17,University of Helsinki,Sisyphini Raw sequence reads,250.58,Sspi_1,Targeted-Capture,GENOMIC,SRX23990349,https://www.ncbi.nlm.nih.gov/sra/SRX23990349[accn]
Nesosisyphus pygmaeus,Nepyg_STL3,University of Helsinki,Sisyphini Raw sequence reads,165.99,Npyg_1,Targeted-Capture,GENOMIC,SRX23990341,https://www.ncbi.nlm.nih.gov/sra/SRX23990341[accn]
Nesosisyphus regnardi,Nereg_STL2,University of Helsinki,Sisyphini Raw sequence reads,99.31,Nreg_1,Targeted-Capture,GENOMIC,SRX23990330,https://www.ncbi.nlm.nih.gov/sra/SRX23990330[accn]
Nesosisyphus rotundatus,NrotSTL52,University of Helsinki,Historical DNA of Dung Beatles (Coleoptera:Scarabaeidae:Scarabaeinae),623.91,S14002,Targeted-Capture,GENOMIC,SRX22207671,https://www.ncbi.nlm.nih.gov/sra/SRX22207671[accn]
Nesosisyphus vicinus,Nevic_STL1,University of Helsinki,Sisyphini Raw sequence reads,289.43,Nvic_1,Targeted-Capture,GENOMIC,SRX23990329,https://www.ncbi.nlm.nih.gov/sra/SRX23990329[accn]
Onitis alexis,OnaleCOL069,University of Helsinki,Historical DNA of Dung Beatles (Coleoptera:Scarabaeidae:Scarabaeinae),735.52,S3884,Targeted-Capture,GENOMIC,SRX22207673,https://www.ncbi.nlm.nih.gov/sra/SRX22207673[accn]
Onthophagus binodis,"HiC reads of Onthophagus binodis: male pupa, technical replicate 2",Indiana University,Onthophagus binodis isolate:ObM1 Genome sequencing,345.06,ObinM_HiC_2,Hi-C,GENOMIC,SRX30208641,https://www.ncbi.nlm.nih.gov/sra/SRX30208641[accn]
Onthophagus binodis,"HiC reads of Onthophagus binodis: male pupa, technical replicate 1",Indiana University,Onthophagus binodis isolate:ObM1 Genome sequencing,4857.34,ObinM_HiC_1,Hi-C,GENOMIC,SRX30208640,https://www.ncbi.nlm.nih.gov/sra/SRX30208640[accn]
Onthophagus binodis,PacBio HiFi Reads of Onthophagus binodis: male pupa,Indiana University,Onthophagus binodis isolate:ObM1 Genome sequencing,18601.18,ObinM_PB,WGS,GENOMIC,SRX30208639,https://www.ncbi.nlm.nih.gov/sra/SRX30208639[accn]
Onthophagus binodis,"HiC reads of Onthophagus binodis: female pupa, technical replicate 2",Indiana University,Onthophagus binodis isolate:F1 Genome sequencing,5050.82,ObinF_HiC_2,Hi-C,GENOMIC,SRX30207501,https://www.ncbi.nlm.nih.gov/sra/SRX30207501[accn]
Onthophagus binodis,"HiC reads of Onthophagus binodis: female pupa, technical replicate 1",Indiana University,Onthophagus binodis isolate:F1 Genome sequencing,356.82,ObinF_HiC_1,Hi-C,GENOMIC,SRX30207500,https://www.ncbi.nlm.nih.gov/sra/SRX30207500[accn]
Onthophagus binodis,PacBio HiFi Reads of Onthophagus binodis: female pupa,Indiana University,Onthophagus binodis isolate:F1 Genome sequencing,21712.06,ObinF_PB,WGS,GENOMIC,SRX30207499,https://www.ncbi.nlm.nih.gov/sra/SRX30207499[accn]
Onthophagus bivertex, postero-dorsal head epidermis from low-nutrition: late prepupal female Onthophagus bivertex,Southwest university,RNA-seq of scarab beetles under high- or low-nutrient,2100.95,Obiv-L-Female6,RNA-Seq,TRANSCRIPTOMIC,SRX31027659,https://www.ncbi.nlm.nih.gov/sra/SRX31027659[accn]
Onthophagus bivertex, postero-dorsal head epidermis from low-nutrition: late prepupal female Onthophagus bivertex,Southwest university,RNA-seq of scarab beetles under high- or low-nutrient,1997.92,Obiv-L-Female5,RNA-Seq,TRANSCRIPTOMIC,SRX31027658,https://www.ncbi.nlm.nih.gov/sra/SRX31027658[accn]
Onthophagus bivertex, postero-dorsal head epidermis from low-nutrition: late prepupal female Onthophagus bivertex,Southwest university,RNA-seq of scarab beetles under high- or low-nutrient,1771.51,Obiv-L-Female4,RNA-Seq,TRANSCRIPTOMIC,SRX31027657,https://www.ncbi.nlm.nih.gov/sra/SRX31027657[accn]
Onthophagus bivertex, postero-dorsal head epidermis from low-nutrition: late prepupal female Onthophagus bivertex,Southwest university,RNA-seq of scarab beetles under high- or low-nutrient,1713.05,Obiv-L-Female3,RNA-Seq,TRANSCRIPTOMIC,SRX31027656,https://www.ncbi.nlm.nih.gov/sra/SRX31027656[accn]
Onthophagus bivertex, postero-dorsal head epidermis from low-nutrition: late prepupal female Onthophagus bivertex,Southwest university,RNA-seq of scarab beetles under high- or low-nutrient,1676.21,Obiv-L-Female2,RNA-Seq,TRANSCRIPTOMIC,SRX31027655,https://www.ncbi.nlm.nih.gov/sra/SRX31027655[accn]
Onthophagus bivertex, postero-dorsal head epidermis from low-nutrition: late prepupal female Onthophagus bivertex,Southwest university,RNA-seq of scarab beetles under high- or low-nutrient,2141.23,Obiv-L-Female1,RNA-Seq,TRANSCRIPTOMIC,SRX31027654,https://www.ncbi.nlm.nih.gov/sra/SRX31027654[accn]
Onthophagus bivertex, postero-dorsal head epidermis from high-nutrition: late prepupal female Onthophagus bivertex,Southwest university,RNA-seq of scarab beetles under high- or low-nutrient,2099.75,Obiv-H-Female4,RNA-Seq,TRANSCRIPTOMIC,SRX31027653,https://www.ncbi.nlm.nih.gov/sra/SRX31027653[accn]
Onthophagus bivertex, postero-dorsal head epidermis from high-nutrition: late prepupal female Onthophagus bivertex,Southwest university,RNA-seq of scarab beetles under high- or low-nutrient,2148.42,Obiv-H-Female3,RNA-Seq,TRANSCRIPTOMIC,SRX31027652,https://www.ncbi.nlm.nih.gov/sra/SRX31027652[accn]
Onthophagus bivertex, postero-dorsal head epidermis from high-nutrition: late prepupal female Onthophagus bivertex,Southwest university,RNA-seq of scarab beetles under high- or low-nutrient,2098.75,Obiv-H-Female2,RNA-Seq,TRANSCRIPTOMIC,SRX31027651,https://www.ncbi.nlm.nih.gov/sra/SRX31027651[accn]
Onthophagus bivertex, postero-dorsal head epidermis from high-nutrition: late prepupal female Onthophagus bivertex,Southwest university,RNA-seq of scarab beetles under high- or low-nutrient,1909.91,Obiv-H-Female1,RNA-Seq,TRANSCRIPTOMIC,SRX31027650,https://www.ncbi.nlm.nih.gov/sra/SRX31027650[accn]
Onthophagus cf. bicavifrons,OnbicSTL10006,University of Helsinki,Historical DNA of Dung Beatles (Coleoptera:Scarabaeidae:Scarabaeinae),1343.15,S3977,Targeted-Capture,GENOMIC,SRX22207675,https://www.ncbi.nlm.nih.gov/sra/SRX22207675[accn]
Onthophagus curvicornis,Onthophagus curvicornis adult female fatty body estimulated,Universidad del Quindio,Bioprospeccion de peptidos antimicrobianos de escarabajos coprofagos del paisaje cultural cafetero,9806.87,O_curv_estim,RNA-Seq,TRANSCRIPTOMIC,SRX5291034,https://www.ncbi.nlm.nih.gov/sra/SRX5291034[accn]
Onthophagus curvicornis,Onthophagus curvicornis adult female fatty body,Universidad del Quindio,Bioprospeccion de peptidos antimicrobianos de escarabajos coprofagos del paisaje cultural cafetero,7831.87,O_curv_control,RNA-Seq,TRANSCRIPTOMIC,SRX5291033,https://www.ncbi.nlm.nih.gov/sra/SRX5291033[accn]
Onthophagus ferox,OnferCOL3469,University of Helsinki,Historical DNA of Dung Beatles (Coleoptera:Scarabaeidae:Scarabaeinae),200.08,S3866,Targeted-Capture,GENOMIC,SRX22207676,https://www.ncbi.nlm.nih.gov/sra/SRX22207676[accn]
Onthophagus granulatus,OngraCOL3804,University of Helsinki,Historical DNA of Dung Beatles (Coleoptera:Scarabaeidae:Scarabaeinae),748.26,S3818,Targeted-Capture,GENOMIC,SRX22207677,https://www.ncbi.nlm.nih.gov/sra/SRX22207677[accn]
Onthophagus nigriventris,Onthophagus nigriventris library D,Washington State University,Onthophagus nigriventris Transcriptome or Gene expression,354.39,O_nig_454_3L_female,RNA-Seq,TRANSCRIPTOMIC,SRX391979,https://www.ncbi.nlm.nih.gov/sra/SRX391979[accn]
Onthophagus nigriventris,Onthophagus nigriventris library C,Washington State University,Trypoxylus dichotomus Transcriptome or Gene expression,255.7,O_nig_454_male_3L,RNA-Seq,TRANSCRIPTOMIC,SRX391958,https://www.ncbi.nlm.nih.gov/sra/SRX391958[accn]
Onthophagus nigriventris,Onthophagus nigriventris 454 Transcriptome,Washington State University,Onthophagus nigriventris Transcriptome or Gene expression,323.25,O_nig_454_female_pp,RNA-Seq,TRANSCRIPTOMIC,SRX391957,https://www.ncbi.nlm.nih.gov/sra/SRX391957[accn]
Onthophagus nigriventris,Onthophagus nigriventris 454 transcriptome sequencing,Washington State University,Onthophagus nigriventris Transcriptome or Gene expression,296.43,O_nig_454_male_pp,RNA-Seq,TRANSCRIPTOMIC,SRX391791,https://www.ncbi.nlm.nih.gov/sra/SRX391791[accn]
Onthophagus orpheus,Orpheus_1_A01,Clark University,Onthophagus orpheus reference genome,8648.77,Orpheus_1_A01,WGS,GENOMIC,SRX31642231,https://www.ncbi.nlm.nih.gov/sra/SRX31642231[accn]
Onthophagus probus,OnproSTL10015,University of Helsinki,Historical DNA of Dung Beatles (Coleoptera:Scarabaeidae:Scarabaeinae),529.4,S4007,Targeted-Capture,GENOMIC,SRX22207678,https://www.ncbi.nlm.nih.gov/sra/SRX22207678[accn]
Onthophagus rectecornutus, postero-dorsal head epidermis from low-nutrition: late prepupal female Onthophagus rectecornutus,Southwest university,RNA-seq of scarab beetles under high- or low-nutrient,1681.39,Orec-L-Female1,RNA-Seq,TRANSCRIPTOMIC,SRX31027666,https://www.ncbi.nlm.nih.gov/sra/SRX31027666[accn]
Onthophagus rectecornutus, postero-dorsal head epidermis from high-nutrition: late prepupal female Onthophagus rectecornutus,Southwest university,RNA-seq of scarab beetles under high- or low-nutrient,1674.27,Orec-H-Female3,RNA-Seq,TRANSCRIPTOMIC,SRX31027665,https://www.ncbi.nlm.nih.gov/sra/SRX31027665[accn]
Onthophagus rectecornutus, postero-dorsal head epidermis from high-nutrition: late prepupal female Onthophagus rectecornutus,Southwest university,RNA-seq of scarab beetles under high- or low-nutrient,1871.15,Orec-H-Female2,RNA-Seq,TRANSCRIPTOMIC,SRX31027664,https://www.ncbi.nlm.nih.gov/sra/SRX31027664[accn]
Onthophagus rectecornutus, postero-dorsal head epidermis from high-nutrition: late prepupal female Onthophagus rectecornutus,Southwest university,RNA-seq of scarab beetles under high- or low-nutrient,1676.08,Orec-H-Female1,RNA-Seq,TRANSCRIPTOMIC,SRX31027663,https://www.ncbi.nlm.nih.gov/sra/SRX31027663[accn]
Onthophagus rectecornutus, postero-dorsal head epidermis from low-nutrition: late prepupal male Onthophagus rectecornutus,Southwest university,RNA-seq of scarab beetles under high- or low-nutrient,1773.23,Orec-L-male3,RNA-Seq,TRANSCRIPTOMIC,SRX31027662,https://www.ncbi.nlm.nih.gov/sra/SRX31027662[accn]
Onthophagus rectecornutus, postero-dorsal head epidermis from low-nutrition: late prepupal male Onthophagus rectecornutus,Southwest university,RNA-seq of scarab beetles under high- or low-nutrient,1745.77,Orec-L-male2,RNA-Seq,TRANSCRIPTOMIC,SRX31027661,https://www.ncbi.nlm.nih.gov/sra/SRX31027661[accn]
Onthophagus rectecornutus, postero-dorsal head epidermis from low-nutrition: late prepupal male Onthophagus rectecornutus,Southwest university,RNA-seq of scarab beetles under high- or low-nutrient,1780.51,Orec-L-male1,RNA-Seq,TRANSCRIPTOMIC,SRX31027660,https://www.ncbi.nlm.nih.gov/sra/SRX31027660[accn]
Onthophagus rectecornutus, postero-dorsal head epidermis from high-nutrition: late prepupal male Onthophagus rectecornutus,Southwest university,RNA-seq of scarab beetles under high- or low-nutrient,1829.21,Orec-H-male3,RNA-Seq,TRANSCRIPTOMIC,SRX31027649,https://www.ncbi.nlm.nih.gov/sra/SRX31027649[accn]
Onthophagus rectecornutus, postero-dorsal head epidermis from low-nutrition: late prepupal female Onthophagus rectecornutus,Southwest university,RNA-seq of scarab beetles under high- or low-nutrient,1807.23,Orec-L-Female3,RNA-Seq,TRANSCRIPTOMIC,SRX31027640,https://www.ncbi.nlm.nih.gov/sra/SRX31027640[accn]
Onthophagus rectecornutus, postero-dorsal head epidermis from low-nutrition: late prepupal female Onthophagus rectecornutus,Southwest university,RNA-seq of scarab beetles under high- or low-nutrient,1687.52,Orec-L-Female2,RNA-Seq,TRANSCRIPTOMIC,SRX31027639,https://www.ncbi.nlm.nih.gov/sra/SRX31027639[accn]
Onthophagus rectecornutus, postero-dorsal head epidermis from high-nutrition: late prepupal male Onthophagus rectecornutus,Southwest university,RNA-seq of scarab beetles under high- or low-nutrient,1621.34,Orec-H-male2,RNA-Seq,TRANSCRIPTOMIC,SRX31027638,https://www.ncbi.nlm.nih.gov/sra/SRX31027638[accn]
Onthophagus rectecornutus, postero-dorsal head epidermis from high-nutrition: late prepupal male Onthophagus rectecornutus,Southwest university,RNA-seq of scarab beetles under high- or low-nutrient,1737.11,Orec-H-male1,RNA-Seq,TRANSCRIPTOMIC,SRX31027637,https://www.ncbi.nlm.nih.gov/sra/SRX31027637[accn]
Onthophagus sagittarius, postero-dorsal head epidermis from low-nutrition: late prepupal female Onthophagus sagittarius,Southwest university,RNA-seq of scarab beetles under high- or low-nutrient,2063.16,Osag-L-Female3,RNA-Seq,TRANSCRIPTOMIC,SRX31027648,https://www.ncbi.nlm.nih.gov/sra/SRX31027648[accn]
Onthophagus sagittarius, postero-dorsal head epidermis from low-nutrition: late prepupal female Onthophagus sagittarius,Southwest university,RNA-seq of scarab beetles under high- or low-nutrient,1644.5,Osag-L-Female2,RNA-Seq,TRANSCRIPTOMIC,SRX31027647,https://www.ncbi.nlm.nih.gov/sra/SRX31027647[accn]
Onthophagus sagittarius, postero-dorsal head epidermis from low-nutrition: late prepupal female Onthophagus sagittarius,Southwest university,RNA-seq of scarab beetles under high- or low-nutrient,2280.73,Osag-L-Female1,RNA-Seq,TRANSCRIPTOMIC,SRX31027646,https://www.ncbi.nlm.nih.gov/sra/SRX31027646[accn]
Onthophagus sagittarius, postero-dorsal head epidermis from high-nutrition: late prepupal female Onthophagus sagittarius,Southwest university,RNA-seq of scarab beetles under high- or low-nutrient,2117.4,Osag-H-Female5,RNA-Seq,TRANSCRIPTOMIC,SRX31027645,https://www.ncbi.nlm.nih.gov/sra/SRX31027645[accn]
Onthophagus sagittarius, postero-dorsal head epidermis from high-nutrition: late prepupal female Onthophagus sagittarius,Southwest university,RNA-seq of scarab beetles under high- or low-nutrient,2098.76,Osag-H-Female4,RNA-Seq,TRANSCRIPTOMIC,SRX31027644,https://www.ncbi.nlm.nih.gov/sra/SRX31027644[accn]
Onthophagus sagittarius, postero-dorsal head epidermis from high-nutrition: late prepupal female Onthophagus sagittarius,Southwest university,RNA-seq of scarab beetles under high- or low-nutrient,1908.76,Osag-H-Female3,RNA-Seq,TRANSCRIPTOMIC,SRX31027643,https://www.ncbi.nlm.nih.gov/sra/SRX31027643[accn]
Onthophagus sagittarius, postero-dorsal head epidermis from high-nutrition: late prepupal female Onthophagus sagittarius,Southwest university,RNA-seq of scarab beetles under high- or low-nutrient,1818.99,Osag-H-Female2,RNA-Seq,TRANSCRIPTOMIC,SRX31027642,https://www.ncbi.nlm.nih.gov/sra/SRX31027642[accn]
Onthophagus sagittarius, postero-dorsal head epidermis from high-nutrition: late prepupal female Onthophagus sagittarius,Southwest university,RNA-seq of scarab beetles under high- or low-nutrient,1700.07,Osag-H-Female1,RNA-Seq,TRANSCRIPTOMIC,SRX31027641,https://www.ncbi.nlm.nih.gov/sra/SRX31027641[accn]
Onthophagus sagittarius,Dovetail OmniC reads of Onthophagus sagittarius genomic DNA,Indiana University,Onthophagus sagittarius isolate:EAUS Genome sequencing,41095.14,Osag_HiC,Hi-C,GENOMIC,SRX20209883,https://www.ncbi.nlm.nih.gov/sra/SRX20209883[accn]
Onthophagus sagittarius,PacBio Hifi reads of Onthophagus sagittarius genomic DNA,Indiana University,Onthophagus sagittarius isolate:EAUS Genome sequencing,8869.2,Osag_ccs,WGS,GENOMIC,SRX20209882,https://www.ncbi.nlm.nih.gov/sra/SRX20209882[accn]
Onthophagus sagittarius,Onthophagus sagittarius: posterior dorsal head epithelium from high nutrition pupa,Indiana University,Nutrition-responsive horn development in horned beetles,622.02,GSF1556-81-OsagPHH-large_S48_R1_001,RNA-Seq,TRANSCRIPTOMIC,SRX7782598,https://www.ncbi.nlm.nih.gov/sra/SRX7782598[accn]
Onthophagus sagittarius,Onthophagus sagittarius: posterior dorsal head epithelium from high nutrition pupa,Indiana University,Nutrition-responsive horn development in horned beetles,561.16,GSF1556-80-OsagPHH-large_S47_R1_001,RNA-Seq,TRANSCRIPTOMIC,SRX7782597,https://www.ncbi.nlm.nih.gov/sra/SRX7782597[accn]
Onthophagus sagittarius,Onthophagus sagittarius: posterior dorsal head epithelium from high nutrition pupa,Indiana University,Nutrition-responsive horn development in horned beetles,642.3,GSF1556-76-OsagPHH-large_S46_R1_001,RNA-Seq,TRANSCRIPTOMIC,SRX7782596,https://www.ncbi.nlm.nih.gov/sra/SRX7782596[accn]
Onthophagus sagittarius,Onthophagus sagittarius: posterior dorsal head epithelium from high nutrition pupa,Indiana University,Nutrition-responsive horn development in horned beetles,510.04,GSF1556-75-OsagPHH-large_S45_R1_001,RNA-Seq,TRANSCRIPTOMIC,SRX7782595,https://www.ncbi.nlm.nih.gov/sra/SRX7782595[accn]
Onthophagus sagittarius,Onthophagus sagittarius: posterior dorsal head epithelium from high nutrition pupa,Indiana University,Nutrition-responsive horn development in horned beetles,471.22,GSF1556-74-OsagPHH-large_S44_R1_001,RNA-Seq,TRANSCRIPTOMIC,SRX7782594,https://www.ncbi.nlm.nih.gov/sra/SRX7782594[accn]
Onthophagus sagittarius,Onthophagus sagittarius: posterior dorsal head epithelium from high nutrition pupa,Indiana University,Nutrition-responsive horn development in horned beetles,563.05,GSF1556-73-OsagPHH-large_S43_R1_001,RNA-Seq,TRANSCRIPTOMIC,SRX7782593,https://www.ncbi.nlm.nih.gov/sra/SRX7782593[accn]
Onthophagus sagittarius,Onthophagus sagittarius: posterior dorsal head epithelium from low nutrition pupa,Indiana University,Nutrition-responsive horn development in horned beetles,538.32,GSF1556-72-OsagPHH-small_S42_R1_001,RNA-Seq,TRANSCRIPTOMIC,SRX7782592,https://www.ncbi.nlm.nih.gov/sra/SRX7782592[accn]
Onthophagus sagittarius,Onthophagus sagittarius: posterior dorsal head epithelium from low nutrition pupa,Indiana University,Nutrition-responsive horn development in horned beetles,479.34,GSF1556-71-OsagPHH-small_S41_R1_001,RNA-Seq,TRANSCRIPTOMIC,SRX7782591,https://www.ncbi.nlm.nih.gov/sra/SRX7782591[accn]
Onthophagus sagittarius,Onthophagus sagittarius: posterior dorsal head epithelium from low nutrition pupa,Indiana University,Nutrition-responsive horn development in horned beetles,569.67,GSF1556-69-OsagPHH-small_S40_R1_001,RNA-Seq,TRANSCRIPTOMIC,SRX7782589,https://www.ncbi.nlm.nih.gov/sra/SRX7782589[accn]
Onthophagus sagittarius,Onthophagus sagittarius: posterior dorsal head epithelium from low nutrition pupa,Indiana University,Nutrition-responsive horn development in horned beetles,562.29,GSF1556-68-OsagPHH-small_S39_R1_001,RNA-Seq,TRANSCRIPTOMIC,SRX7782588,https://www.ncbi.nlm.nih.gov/sra/SRX7782588[accn]
Onthophagus sagittarius,Onthophagus sagittarius: posterior dorsal head epithelium from low nutrition pupa,Indiana University,Nutrition-responsive horn development in horned beetles,631.3,GSF1556-65-OsagPHH-small_S38_R1_001,RNA-Seq,TRANSCRIPTOMIC,SRX7782587,https://www.ncbi.nlm.nih.gov/sra/SRX7782587[accn]
Onthophagus sagittarius,Onthophagus sagittarius: posterior dorsal head epithelium from low nutrition pupa,Indiana University,Nutrition-responsive horn development in horned beetles,577.28,GSF1556-64-OsagPHH-small_S37_R1_001,RNA-Seq,TRANSCRIPTOMIC,SRX7782586,https://www.ncbi.nlm.nih.gov/sra/SRX7782586[accn]
Onthophagus sagittarius,Onthophagus sagittarius: anterior dorsal head epithelium from high nutrition pupa,Indiana University,Nutrition-responsive horn development in horned beetles,582.78,GSF1556-60-OsagAHH-large_S36_R1_001,RNA-Seq,TRANSCRIPTOMIC,SRX7782585,https://www.ncbi.nlm.nih.gov/sra/SRX7782585[accn]
Onthophagus sagittarius,Onthophagus sagittarius: anterior dorsal head epithelium from high nutrition pupa,Indiana University,Nutrition-responsive horn development in horned beetles,626.67,GSF1556-59-OsagAHH-large_S35_R1_001,RNA-Seq,TRANSCRIPTOMIC,SRX7782584,https://www.ncbi.nlm.nih.gov/sra/SRX7782584[accn]
Onthophagus sagittarius,Onthophagus sagittarius: anterior dorsal head epithelium from high nutrition pupa,Indiana University,Nutrition-responsive horn development in horned beetles,770.05,GSF1556-55-OsagAHH-large_S34_R1_001,RNA-Seq,TRANSCRIPTOMIC,SRX7782583,https://www.ncbi.nlm.nih.gov/sra/SRX7782583[accn]
Onthophagus sagittarius,Onthophagus sagittarius: anterior dorsal head epithelium from high nutrition pupa,Indiana University,Nutrition-responsive horn development in horned beetles,646.96,GSF1556-54-OsagAHH-large_S33_R1_001,RNA-Seq,TRANSCRIPTOMIC,SRX7782582,https://www.ncbi.nlm.nih.gov/sra/SRX7782582[accn]
Onthophagus sagittarius,Onthophagus sagittarius: anterior dorsal head epithelium from high nutrition pupa,Indiana University,Nutrition-responsive horn development in horned beetles,604.87,GSF1556-53-OsagAHH-large_S32_R1_001,RNA-Seq,TRANSCRIPTOMIC,SRX7782581,https://www.ncbi.nlm.nih.gov/sra/SRX7782581[accn]
Onthophagus sagittarius,Onthophagus sagittarius: anterior dorsal head epithelium from high nutrition pupa,Indiana University,Nutrition-responsive horn development in horned beetles,565.27,GSF1556-52-OsagAHH-large_S31_R1_001,RNA-Seq,TRANSCRIPTOMIC,SRX7782580,https://www.ncbi.nlm.nih.gov/sra/SRX7782580[accn]
Onthophagus sagittarius,Onthophagus sagittarius: anterior dorsal head epithelium from low nutrition pupa,Indiana University,Nutrition-responsive horn development in horned beetles,530.21,GSF1556-51-OsagAHH-small_S30_R1_001,RNA-Seq,TRANSCRIPTOMIC,SRX7782578,https://www.ncbi.nlm.nih.gov/sra/SRX7782578[accn]
Onthophagus sagittarius,Onthophagus sagittarius: anterior dorsal head epithelium from low nutrition pupa,Indiana University,Nutrition-responsive horn development in horned beetles,567.85,GSF1556-50-OsagAHH-small_S29_R1_001,RNA-Seq,TRANSCRIPTOMIC,SRX7782577,https://www.ncbi.nlm.nih.gov/sra/SRX7782577[accn]
Onthophagus sagittarius,Onthophagus sagittarius: anterior dorsal head epithelium from low nutrition pupa,Indiana University,Nutrition-responsive horn development in horned beetles,592.4,GSF1556-48-OsagAHH-small_S28_R1_001,RNA-Seq,TRANSCRIPTOMIC,SRX7782576,https://www.ncbi.nlm.nih.gov/sra/SRX7782576[accn]
Onthophagus sagittarius,Onthophagus sagittarius: anterior dorsal head epithelium from low nutrition pupa,Indiana University,Nutrition-responsive horn development in horned beetles,576.24,GSF1556-47-OsagAHH-small_S27_R1_001,RNA-Seq,TRANSCRIPTOMIC,SRX7782575,https://www.ncbi.nlm.nih.gov/sra/SRX7782575[accn]
Onthophagus sagittarius,Onthophagus sagittarius: anterior dorsal head epithelium from low nutrition pupa,Indiana University,Nutrition-responsive horn development in horned beetles,553.62,GSF1556-44-OsagAHH-small_S26_R1_001,RNA-Seq,TRANSCRIPTOMIC,SRX7782574,https://www.ncbi.nlm.nih.gov/sra/SRX7782574[accn]
Onthophagus sagittarius,Onthophagus sagittarius: anterior dorsal head epithelium from low nutrition pupa,Indiana University,Nutrition-responsive horn development in horned beetles,559.56,GSF1556-43-OsagAHH-small_S25_R1_001,RNA-Seq,TRANSCRIPTOMIC,SRX7782573,https://www.ncbi.nlm.nih.gov/sra/SRX7782573[accn]
Onthophagus similis,Generic sample from Onthophagus similis,ZMB,The 1KITE project: evolution of insects,2112.99,WHANIsrmTMBWRAAPEI-22,EST,TRANSCRIPTOMIC,SRX1078216,https://www.ncbi.nlm.nih.gov/sra/SRX1078216[accn]
Onthophagus taurus,Onthophagus taurus epithelial tissue,Indiana University,Onthophagus taurus tissue-specific bulk ATAC-seq,146.62,Ot_F2_E_run1,ATAC-seq,GENOMIC,SRX32235267,https://www.ncbi.nlm.nih.gov/sra/SRX32235267[accn]
Onthophagus taurus,Onthophagus taurus epithelial tissue,Indiana University,Onthophagus taurus tissue-specific bulk ATAC-seq,702.19,Ot_F2_AH_run1,ATAC-seq,GENOMIC,SRX32235266,https://www.ncbi.nlm.nih.gov/sra/SRX32235266[accn]
Onthophagus taurus,Onthophagus taurus epithelial tissue,Indiana University,Onthophagus taurus tissue-specific bulk ATAC-seq,728,Ot_M5_PH_run1,ATAC-seq,GENOMIC,SRX32235265,https://www.ncbi.nlm.nih.gov/sra/SRX32235265[accn]
Onthophagus taurus,Onthophagus taurus epithelial tissue,Indiana University,Onthophagus taurus tissue-specific bulk ATAC-seq,841.09,Ot_M5_L_run2,ATAC-seq,GENOMIC,SRX32235264,https://www.ncbi.nlm.nih.gov/sra/SRX32235264[accn]
Onthophagus taurus,Onthophagus taurus epithelial tissue,Indiana University,Onthophagus taurus tissue-specific bulk ATAC-seq,234.08,Ot_M5_L_run1,ATAC-seq,GENOMIC,SRX32235263,https://www.ncbi.nlm.nih.gov/sra/SRX32235263[accn]
Onthophagus taurus,Onthophagus taurus epithelial tissue,Indiana University,Onthophagus taurus tissue-specific bulk ATAC-seq,948.76,Ot_M5_G_run2,ATAC-seq,GENOMIC,SRX32235262,https://www.ncbi.nlm.nih.gov/sra/SRX32235262[accn]
Onthophagus taurus,Onthophagus taurus epithelial tissue,Indiana University,Onthophagus taurus tissue-specific bulk ATAC-seq,269.92,Ot_M5_G_run1,ATAC-seq,GENOMIC,SRX32235261,https://www.ncbi.nlm.nih.gov/sra/SRX32235261[accn]
Onthophagus taurus,Onthophagus taurus epithelial tissue,Indiana University,Onthophagus taurus tissue-specific bulk ATAC-seq,855.3,Ot_M5_E_run2,ATAC-seq,GENOMIC,SRX32235260,https://www.ncbi.nlm.nih.gov/sra/SRX32235260[accn]
Onthophagus taurus,Onthophagus taurus epithelial tissue,Indiana University,Onthophagus taurus tissue-specific bulk ATAC-seq,147.84,Ot_M5_E_run1,ATAC-seq,GENOMIC,SRX32235259,https://www.ncbi.nlm.nih.gov/sra/SRX32235259[accn]
Onthophagus taurus,Onthophagus taurus epithelial tissue,Indiana University,Onthophagus taurus tissue-specific bulk ATAC-seq,783.83,Ot_M5_AH_run1,ATAC-seq,GENOMIC,SRX32235258,https://www.ncbi.nlm.nih.gov/sra/SRX32235258[accn]
Onthophagus taurus,Onthophagus taurus epithelial tissue,Indiana University,Onthophagus taurus tissue-specific bulk ATAC-seq,496.45,Ot_F1_PH_run1,ATAC-seq,GENOMIC,SRX32235257,https://www.ncbi.nlm.nih.gov/sra/SRX32235257[accn]
Onthophagus taurus,Onthophagus taurus epithelial tissue,Indiana University,Onthophagus taurus tissue-specific bulk ATAC-seq,551.75,Ot_M4_PH_run1,ATAC-seq,GENOMIC,SRX32235256,https://www.ncbi.nlm.nih.gov/sra/SRX32235256[accn]
Onthophagus taurus,Onthophagus taurus epithelial tissue,Indiana University,Onthophagus taurus tissue-specific bulk ATAC-seq,767.39,Ot_M4_L_run2,ATAC-seq,GENOMIC,SRX32235255,https://www.ncbi.nlm.nih.gov/sra/SRX32235255[accn]
Onthophagus taurus,Onthophagus taurus epithelial tissue,Indiana University,Onthophagus taurus tissue-specific bulk ATAC-seq,178.14,Ot_M4_L_run1,ATAC-seq,GENOMIC,SRX32235254,https://www.ncbi.nlm.nih.gov/sra/SRX32235254[accn]
Onthophagus taurus,Onthophagus taurus epithelial tissue,Indiana University,Onthophagus taurus tissue-specific bulk ATAC-seq,978.69,Ot_M4_G_run2,ATAC-seq,GENOMIC,SRX32235253,https://www.ncbi.nlm.nih.gov/sra/SRX32235253[accn]
Onthophagus taurus,Onthophagus taurus epithelial tissue,Indiana University,Onthophagus taurus tissue-specific bulk ATAC-seq,274.9,Ot_M4_G_run1,ATAC-seq,GENOMIC,SRX32235252,https://www.ncbi.nlm.nih.gov/sra/SRX32235252[accn]
Onthophagus taurus,Onthophagus taurus epithelial tissue,Indiana University,Onthophagus taurus tissue-specific bulk ATAC-seq,922.67,Ot_M4_E_run2,ATAC-seq,GENOMIC,SRX32235251,https://www.ncbi.nlm.nih.gov/sra/SRX32235251[accn]
Onthophagus taurus,Onthophagus taurus epithelial tissue,Indiana University,Onthophagus taurus tissue-specific bulk ATAC-seq,138.6,Ot_M4_E_run1,ATAC-seq,GENOMIC,SRX32235250,https://www.ncbi.nlm.nih.gov/sra/SRX32235250[accn]
Onthophagus taurus,Onthophagus taurus epithelial tissue,Indiana University,Onthophagus taurus tissue-specific bulk ATAC-seq,807.9,Ot_M4_AH_run1,ATAC-seq,GENOMIC,SRX32235249,https://www.ncbi.nlm.nih.gov/sra/SRX32235249[accn]
Onthophagus taurus,Onthophagus taurus epithelial tissue,Indiana University,Onthophagus taurus tissue-specific bulk ATAC-seq,429.25,Ot_M3_PH_run1,ATAC-seq,GENOMIC,SRX32235248,https://www.ncbi.nlm.nih.gov/sra/SRX32235248[accn]
Onthophagus taurus,Onthophagus taurus epithelial tissue,Indiana University,Onthophagus taurus tissue-specific bulk ATAC-seq,789.54,Ot_M3_L_run2,ATAC-seq,GENOMIC,SRX32235247,https://www.ncbi.nlm.nih.gov/sra/SRX32235247[accn]
Onthophagus taurus,Onthophagus taurus epithelial tissue,Indiana University,Onthophagus taurus tissue-specific bulk ATAC-seq,758.05,Ot_F1_L_run2,ATAC-seq,GENOMIC,SRX32235246,https://www.ncbi.nlm.nih.gov/sra/SRX32235246[accn]
Onthophagus taurus,Onthophagus taurus epithelial tissue,Indiana University,Onthophagus taurus tissue-specific bulk ATAC-seq,205.25,Ot_M3_L_run1,ATAC-seq,GENOMIC,SRX32235245,https://www.ncbi.nlm.nih.gov/sra/SRX32235245[accn]
Onthophagus taurus,Onthophagus taurus epithelial tissue,Indiana University,Onthophagus taurus tissue-specific bulk ATAC-seq,1163.71,Ot_M3_G_run1,ATAC-seq,GENOMIC,SRX32235244,https://www.ncbi.nlm.nih.gov/sra/SRX32235244[accn]
Onthophagus taurus,Onthophagus taurus epithelial tissue,Indiana University,Onthophagus taurus tissue-specific bulk ATAC-seq,329.4,Ot_M3_E_run1,ATAC-seq,GENOMIC,SRX32235243,https://www.ncbi.nlm.nih.gov/sra/SRX32235243[accn]
Onthophagus taurus,Onthophagus taurus epithelial tissue,Indiana University,Onthophagus taurus tissue-specific bulk ATAC-seq,835.22,Ot_M3_AH_run1,ATAC-seq,GENOMIC,SRX32235242,https://www.ncbi.nlm.nih.gov/sra/SRX32235242[accn]
Onthophagus taurus,Onthophagus taurus epithelial tissue,Indiana University,Onthophagus taurus tissue-specific bulk ATAC-seq,519.3,Ot_M2_PH_run1,ATAC-seq,GENOMIC,SRX32235241,https://www.ncbi.nlm.nih.gov/sra/SRX32235241[accn]
Onthophagus taurus,Onthophagus taurus epithelial tissue,Indiana University,Onthophagus taurus tissue-specific bulk ATAC-seq,741.85,Ot_M2_L_run2,ATAC-seq,GENOMIC,SRX32235240,https://www.ncbi.nlm.nih.gov/sra/SRX32235240[accn]
Onthophagus taurus,Onthophagus taurus epithelial tissue,Indiana University,Onthophagus taurus tissue-specific bulk ATAC-seq,170.02,Ot_M2_L_run1,ATAC-seq,GENOMIC,SRX32235239,https://www.ncbi.nlm.nih.gov/sra/SRX32235239[accn]
Onthophagus taurus,Onthophagus taurus epithelial tissue,Indiana University,Onthophagus taurus tissue-specific bulk ATAC-seq,1160.96,Ot_M2_G_run1,ATAC-seq,GENOMIC,SRX32235238,https://www.ncbi.nlm.nih.gov/sra/SRX32235238[accn]
Onthophagus taurus,Onthophagus taurus epithelial tissue,Indiana University,Onthophagus taurus tissue-specific bulk ATAC-seq,228.59,Ot_F1_L_run1,ATAC-seq,GENOMIC,SRX32235237,https://www.ncbi.nlm.nih.gov/sra/SRX32235237[accn]
Onthophagus taurus,Onthophagus taurus epithelial tissue,Indiana University,Onthophagus taurus tissue-specific bulk ATAC-seq,956.21,Ot_M2_E_run1,ATAC-seq,GENOMIC,SRX32235236,https://www.ncbi.nlm.nih.gov/sra/SRX32235236[accn]
Onthophagus taurus,Onthophagus taurus epithelial tissue,Indiana University,Onthophagus taurus tissue-specific bulk ATAC-seq,576.12,Ot_M2_AH_run1,ATAC-seq,GENOMIC,SRX32235235,https://www.ncbi.nlm.nih.gov/sra/SRX32235235[accn]
Onthophagus taurus,Onthophagus taurus epithelial tissue,Indiana University,Onthophagus taurus tissue-specific bulk ATAC-seq,447.94,Ot_M1_PH_run1,ATAC-seq,GENOMIC,SRX32235234,https://www.ncbi.nlm.nih.gov/sra/SRX32235234[accn]
Onthophagus taurus,Onthophagus taurus epithelial tissue,Indiana University,Onthophagus taurus tissue-specific bulk ATAC-seq,786.48,Ot_M1_L_run2,ATAC-seq,GENOMIC,SRX32235233,https://www.ncbi.nlm.nih.gov/sra/SRX32235233[accn]
Onthophagus taurus,Onthophagus taurus epithelial tissue,Indiana University,Onthophagus taurus tissue-specific bulk ATAC-seq,182.34,Ot_M1_L_run1,ATAC-seq,GENOMIC,SRX32235232,https://www.ncbi.nlm.nih.gov/sra/SRX32235232[accn]
Onthophagus taurus,Onthophagus taurus epithelial tissue,Indiana University,Onthophagus taurus tissue-specific bulk ATAC-seq,911.92,Ot_M1_G_run1,ATAC-seq,GENOMIC,SRX32235231,https://www.ncbi.nlm.nih.gov/sra/SRX32235231[accn]
Onthophagus taurus,Onthophagus taurus epithelial tissue,Indiana University,Onthophagus taurus tissue-specific bulk ATAC-seq,1043.18,Ot_M1_E_run1,ATAC-seq,GENOMIC,SRX32235230,https://www.ncbi.nlm.nih.gov/sra/SRX32235230[accn]
Onthophagus taurus,Onthophagus taurus epithelial tissue,Indiana University,Onthophagus taurus tissue-specific bulk ATAC-seq,635.7,Ot_F1_G_run2,ATAC-seq,GENOMIC,SRX32235229,https://www.ncbi.nlm.nih.gov/sra/SRX32235229[accn]
Onthophagus taurus,Onthophagus taurus epithelial tissue,Indiana University,Onthophagus taurus tissue-specific bulk ATAC-seq,580.54,Ot_M1_AH_run1,ATAC-seq,GENOMIC,SRX32235228,https://www.ncbi.nlm.nih.gov/sra/SRX32235228[accn]
Onthophagus taurus,Onthophagus taurus epithelial tissue,Indiana University,Onthophagus taurus tissue-specific bulk ATAC-seq,499.23,Ot_F5_PH_run1,ATAC-seq,GENOMIC,SRX32235227,https://www.ncbi.nlm.nih.gov/sra/SRX32235227[accn]
Onthophagus taurus,Onthophagus taurus epithelial tissue,Indiana University,Onthophagus taurus tissue-specific bulk ATAC-seq,336.27,Ot_F5_L_run1,ATAC-seq,GENOMIC,SRX32235226,https://www.ncbi.nlm.nih.gov/sra/SRX32235226[accn]
Onthophagus taurus,Onthophagus taurus epithelial tissue,Indiana University,Onthophagus taurus tissue-specific bulk ATAC-seq,978.5,Ot_F5_G_run2,ATAC-seq,GENOMIC,SRX32235225,https://www.ncbi.nlm.nih.gov/sra/SRX32235225[accn]
Onthophagus taurus,Onthophagus taurus epithelial tissue,Indiana University,Onthophagus taurus tissue-specific bulk ATAC-seq,262.38,Ot_F5_G_run1,ATAC-seq,GENOMIC,SRX32235224,https://www.ncbi.nlm.nih.gov/sra/SRX32235224[accn]
Onthophagus taurus,Onthophagus taurus epithelial tissue,Indiana University,Onthophagus taurus tissue-specific bulk ATAC-seq,927.27,Ot_F5_E_run2,ATAC-seq,GENOMIC,SRX32235223,https://www.ncbi.nlm.nih.gov/sra/SRX32235223[accn]
Onthophagus taurus,Onthophagus taurus epithelial tissue,Indiana University,Onthophagus taurus tissue-specific bulk ATAC-seq,154.78,Ot_F5_E_run1,ATAC-seq,GENOMIC,SRX32235222,https://www.ncbi.nlm.nih.gov/sra/SRX32235222[accn]
Onthophagus taurus,Onthophagus taurus epithelial tissue,Indiana University,Onthophagus taurus tissue-specific bulk ATAC-seq,758.09,Ot_F5_AH_run1,ATAC-seq,GENOMIC,SRX32235221,https://www.ncbi.nlm.nih.gov/sra/SRX32235221[accn]
Onthophagus taurus,Onthophagus taurus epithelial tissue,Indiana University,Onthophagus taurus tissue-specific bulk ATAC-seq,429.16,Ot_F4_PH_run1,ATAC-seq,GENOMIC,SRX32235220,https://www.ncbi.nlm.nih.gov/sra/SRX32235220[accn]
Onthophagus taurus,Onthophagus taurus epithelial tissue,Indiana University,Onthophagus taurus tissue-specific bulk ATAC-seq,667.21,Ot_F4_L_run2,ATAC-seq,GENOMIC,SRX32235219,https://www.ncbi.nlm.nih.gov/sra/SRX32235219[accn]
Onthophagus taurus,Onthophagus taurus epithelial tissue,Indiana University,Onthophagus taurus tissue-specific bulk ATAC-seq,250.17,Ot_F1_G_run1,ATAC-seq,GENOMIC,SRX32235218,https://www.ncbi.nlm.nih.gov/sra/SRX32235218[accn]
Onthophagus taurus,Onthophagus taurus epithelial tissue,Indiana University,Onthophagus taurus tissue-specific bulk ATAC-seq,225.09,Ot_F4_L_run1,ATAC-seq,GENOMIC,SRX32235217,https://www.ncbi.nlm.nih.gov/sra/SRX32235217[accn]
Onthophagus taurus,Onthophagus taurus epithelial tissue,Indiana University,Onthophagus taurus tissue-specific bulk ATAC-seq,705.41,Ot_F4_G_run2,ATAC-seq,GENOMIC,SRX32235216,https://www.ncbi.nlm.nih.gov/sra/SRX32235216[accn]
Onthophagus taurus,Onthophagus taurus epithelial tissue,Indiana University,Onthophagus taurus tissue-specific bulk ATAC-seq,284.38,Ot_F4_G_run1,ATAC-seq,GENOMIC,SRX32235215,https://www.ncbi.nlm.nih.gov/sra/SRX32235215[accn]
Onthophagus taurus,Onthophagus taurus epithelial tissue,Indiana University,Onthophagus taurus tissue-specific bulk ATAC-seq,826.13,Ot_F4_E_run2,ATAC-seq,GENOMIC,SRX32235214,https://www.ncbi.nlm.nih.gov/sra/SRX32235214[accn]
Onthophagus taurus,Onthophagus taurus epithelial tissue,Indiana University,Onthophagus taurus tissue-specific bulk ATAC-seq,125.74,Ot_F4_E_run1,ATAC-seq,GENOMIC,SRX32235213,https://www.ncbi.nlm.nih.gov/sra/SRX32235213[accn]
Onthophagus taurus,Onthophagus taurus epithelial tissue,Indiana University,Onthophagus taurus tissue-specific bulk ATAC-seq,702.8,Ot_F4_AH_run1,ATAC-seq,GENOMIC,SRX32235212,https://www.ncbi.nlm.nih.gov/sra/SRX32235212[accn]
Onthophagus taurus,Onthophagus taurus epithelial tissue,Indiana University,Onthophagus taurus tissue-specific bulk ATAC-seq,810.03,Ot_F3_PH_run1,ATAC-seq,GENOMIC,SRX32235211,https://www.ncbi.nlm.nih.gov/sra/SRX32235211[accn]
Onthophagus taurus,Onthophagus taurus epithelial tissue,Indiana University,Onthophagus taurus tissue-specific bulk ATAC-seq,778.06,Ot_F3_L_run2,ATAC-seq,GENOMIC,SRX32235210,https://www.ncbi.nlm.nih.gov/sra/SRX32235210[accn]
Onthophagus taurus,Onthophagus taurus epithelial tissue,Indiana University,Onthophagus taurus tissue-specific bulk ATAC-seq,219.67,Ot_F3_L_run1,ATAC-seq,GENOMIC,SRX32235209,https://www.ncbi.nlm.nih.gov/sra/SRX32235209[accn]
Onthophagus taurus,Onthophagus taurus epithelial tissue,Indiana University,Onthophagus taurus tissue-specific bulk ATAC-seq,898.62,Ot_F3_G_run2,ATAC-seq,GENOMIC,SRX32235208,https://www.ncbi.nlm.nih.gov/sra/SRX32235208[accn]
Onthophagus taurus,Onthophagus taurus epithelial tissue,Indiana University,Onthophagus taurus tissue-specific bulk ATAC-seq,863.73,Ot_F1_E_run2,ATAC-seq,GENOMIC,SRX32235207,https://www.ncbi.nlm.nih.gov/sra/SRX32235207[accn]
Onthophagus taurus,Onthophagus taurus epithelial tissue,Indiana University,Onthophagus taurus tissue-specific bulk ATAC-seq,223.78,Ot_F3_G_run1,ATAC-seq,GENOMIC,SRX32235206,https://www.ncbi.nlm.nih.gov/sra/SRX32235206[accn]
Onthophagus taurus,Onthophagus taurus epithelial tissue,Indiana University,Onthophagus taurus tissue-specific bulk ATAC-seq,920.28,Ot_F3_E_run2,ATAC-seq,GENOMIC,SRX32235205,https://www.ncbi.nlm.nih.gov/sra/SRX32235205[accn]
Onthophagus taurus,Onthophagus taurus epithelial tissue,Indiana University,Onthophagus taurus tissue-specific bulk ATAC-seq,110.21,Ot_F3_E_run1,ATAC-seq,GENOMIC,SRX32235204,https://www.ncbi.nlm.nih.gov/sra/SRX32235204[accn]
Onthophagus taurus,Onthophagus taurus epithelial tissue,Indiana University,Onthophagus taurus tissue-specific bulk ATAC-seq,854.44,Ot_F3_AH_run1,ATAC-seq,GENOMIC,SRX32235203,https://www.ncbi.nlm.nih.gov/sra/SRX32235203[accn]
Onthophagus taurus,Onthophagus taurus epithelial tissue,Indiana University,Onthophagus taurus tissue-specific bulk ATAC-seq,746.82,Ot_F2_PH_run1,ATAC-seq,GENOMIC,SRX32235202,https://www.ncbi.nlm.nih.gov/sra/SRX32235202[accn]
Onthophagus taurus,Onthophagus taurus epithelial tissue,Indiana University,Onthophagus taurus tissue-specific bulk ATAC-seq,784.8,Ot_F2_L_run2,ATAC-seq,GENOMIC,SRX32235201,https://www.ncbi.nlm.nih.gov/sra/SRX32235201[accn]
Onthophagus taurus,Onthophagus taurus epithelial tissue,Indiana University,Onthophagus taurus tissue-specific bulk ATAC-seq,255.27,Ot_F2_L_run1,ATAC-seq,GENOMIC,SRX32235200,https://www.ncbi.nlm.nih.gov/sra/SRX32235200[accn]
Onthophagus taurus,Onthophagus taurus epithelial tissue,Indiana University,Onthophagus taurus tissue-specific bulk ATAC-seq,861.73,Ot_F2_G_run2,ATAC-seq,GENOMIC,SRX32235199,https://www.ncbi.nlm.nih.gov/sra/SRX32235199[accn]
Onthophagus taurus,Onthophagus taurus epithelial tissue,Indiana University,Onthophagus taurus tissue-specific bulk ATAC-seq,315.75,Ot_F2_G_run1,ATAC-seq,GENOMIC,SRX32235198,https://www.ncbi.nlm.nih.gov/sra/SRX32235198[accn]
Onthophagus taurus,Onthophagus taurus epithelial tissue,Indiana University,Onthophagus taurus tissue-specific bulk ATAC-seq,969.65,Ot_F2_E_run2,ATAC-seq,GENOMIC,SRX32235197,https://www.ncbi.nlm.nih.gov/sra/SRX32235197[accn]
Onthophagus taurus,Onthophagus taurus epithelial tissue,Indiana University,Onthophagus taurus tissue-specific bulk ATAC-seq,136.41,Ot_F1_E_run1,ATAC-seq,GENOMIC,SRX32235196,https://www.ncbi.nlm.nih.gov/sra/SRX32235196[accn]
Onthophagus taurus,Onthophagus taurus epithelial tissue,Indiana University,Onthophagus taurus tissue-specific bulk ATAC-seq,658.55,Ot_F1_AH_run1,ATAC-seq,GENOMIC,SRX32235195,https://www.ncbi.nlm.nih.gov/sra/SRX32235195[accn]
Onthophagus taurus,Onthophagus taurus epithelial tissue,Indiana University,Onthophagus taurus tissue-specific bulk RNA-seq,72.78,Ot-F8-PH-run4,RNA-Seq,TRANSCRIPTOMIC,SRX32212605,https://www.ncbi.nlm.nih.gov/sra/SRX32212605[accn]
Onthophagus taurus,Onthophagus taurus epithelial tissue,Indiana University,Onthophagus taurus tissue-specific bulk RNA-seq,53.82,Ot-F8-PH-run3,RNA-Seq,TRANSCRIPTOMIC,SRX32212604,https://www.ncbi.nlm.nih.gov/sra/SRX32212604[accn]
Onthophagus taurus,Onthophagus taurus epithelial tissue,Indiana University,Onthophagus taurus tissue-specific bulk RNA-seq,89.19,Ot-F8-PH-run2,RNA-Seq,TRANSCRIPTOMIC,SRX32212603,https://www.ncbi.nlm.nih.gov/sra/SRX32212603[accn]
Onthophagus taurus,Onthophagus taurus epithelial tissue,Indiana University,Onthophagus taurus tissue-specific bulk RNA-seq,122.2,Ot-F8-PH-run1,RNA-Seq,TRANSCRIPTOMIC,SRX32212602,https://www.ncbi.nlm.nih.gov/sra/SRX32212602[accn]
Onthophagus taurus,Onthophagus taurus epithelial tissue,Indiana University,Onthophagus taurus tissue-specific bulk RNA-seq,37.74,Ot-F8-L-run4,RNA-Seq,TRANSCRIPTOMIC,SRX32212601,https://www.ncbi.nlm.nih.gov/sra/SRX32212601[accn]
Onthophagus taurus,Onthophagus taurus epithelial tissue,Indiana University,Onthophagus taurus tissue-specific bulk RNA-seq,76.79,Ot-F8-L-run3,RNA-Seq,TRANSCRIPTOMIC,SRX32212600,https://www.ncbi.nlm.nih.gov/sra/SRX32212600[accn]
Onthophagus taurus,Onthophagus taurus epithelial tissue,Indiana University,Onthophagus taurus tissue-specific bulk RNA-seq,52.15,Ot-F8-L-run2,RNA-Seq,TRANSCRIPTOMIC,SRX32212599,https://www.ncbi.nlm.nih.gov/sra/SRX32212599[accn]
Onthophagus taurus,Onthophagus taurus epithelial tissue,Indiana University,Onthophagus taurus tissue-specific bulk RNA-seq,135.81,Ot-F8-L-run1,RNA-Seq,TRANSCRIPTOMIC,SRX32212598,https://www.ncbi.nlm.nih.gov/sra/SRX32212598[accn]
Onthophagus taurus,Onthophagus taurus epithelial tissue,Indiana University,Onthophagus taurus tissue-specific bulk RNA-seq,37.32,Ot-F8-G-run4,RNA-Seq,TRANSCRIPTOMIC,SRX32212597,https://www.ncbi.nlm.nih.gov/sra/SRX32212597[accn]
Onthophagus taurus,Onthophagus taurus epithelial tissue,Indiana University,Onthophagus taurus tissue-specific bulk RNA-seq,1.16,Ot-F8-G-run3,RNA-Seq,TRANSCRIPTOMIC,SRX32212596,https://www.ncbi.nlm.nih.gov/sra/SRX32212596[accn]
Onthophagus taurus,Onthophagus taurus epithelial tissue,Indiana University,Onthophagus taurus tissue-specific bulk RNA-seq,21.35,Ot-F10-G-run2,RNA-Seq,TRANSCRIPTOMIC,SRX32212595,https://www.ncbi.nlm.nih.gov/sra/SRX32212595[accn]
Onthophagus taurus,Onthophagus taurus epithelial tissue,Indiana University,Onthophagus taurus tissue-specific bulk RNA-seq,18.02,Ot-F8-G-run2,RNA-Seq,TRANSCRIPTOMIC,SRX32212594,https://www.ncbi.nlm.nih.gov/sra/SRX32212594[accn]
Onthophagus taurus,Onthophagus taurus epithelial tissue,Indiana University,Onthophagus taurus tissue-specific bulk RNA-seq,218.24,Ot-F8-G-run1,RNA-Seq,TRANSCRIPTOMIC,SRX32212593,https://www.ncbi.nlm.nih.gov/sra/SRX32212593[accn]
Onthophagus taurus,Onthophagus taurus epithelial tissue,Indiana University,Onthophagus taurus tissue-specific bulk RNA-seq,78.96,Ot-F8-E-run4,RNA-Seq,TRANSCRIPTOMIC,SRX32212592,https://www.ncbi.nlm.nih.gov/sra/SRX32212592[accn]
Onthophagus taurus,Onthophagus taurus epithelial tissue,Indiana University,Onthophagus taurus tissue-specific bulk RNA-seq,147.2,Ot-F8-E-run3,RNA-Seq,TRANSCRIPTOMIC,SRX32212591,https://www.ncbi.nlm.nih.gov/sra/SRX32212591[accn]
Onthophagus taurus,Onthophagus taurus epithelial tissue,Indiana University,Onthophagus taurus tissue-specific bulk RNA-seq,109.68,Ot-F8-E-run2,RNA-Seq,TRANSCRIPTOMIC,SRX32212590,https://www.ncbi.nlm.nih.gov/sra/SRX32212590[accn]
Onthophagus taurus,Onthophagus taurus epithelial tissue,Indiana University,Onthophagus taurus tissue-specific bulk RNA-seq,73.72,Ot-F11-E-run3,RNA-Seq,TRANSCRIPTOMIC,SRX32212589,https://www.ncbi.nlm.nih.gov/sra/SRX32212589[accn]
Onthophagus taurus,Onthophagus taurus epithelial tissue,Indiana University,Onthophagus taurus tissue-specific bulk RNA-seq,54.16,Ot-F11-E-run2,RNA-Seq,TRANSCRIPTOMIC,SRX32212588,https://www.ncbi.nlm.nih.gov/sra/SRX32212588[accn]
Onthophagus taurus,Onthophagus taurus epithelial tissue,Indiana University,Onthophagus taurus tissue-specific bulk RNA-seq,168.59,Ot-F11-E-run1,RNA-Seq,TRANSCRIPTOMIC,SRX32212587,https://www.ncbi.nlm.nih.gov/sra/SRX32212587[accn]
Onthophagus taurus,Onthophagus taurus epithelial tissue,Indiana University,Onthophagus taurus tissue-specific bulk RNA-seq,34.06,Ot-M9-PH-run4,RNA-Seq,TRANSCRIPTOMIC,SRX32212586,https://www.ncbi.nlm.nih.gov/sra/SRX32212586[accn]
Onthophagus taurus,Onthophagus taurus epithelial tissue,Indiana University,Onthophagus taurus tissue-specific bulk RNA-seq,91.68,Ot-M9-PH-run3,RNA-Seq,TRANSCRIPTOMIC,SRX32212585,https://www.ncbi.nlm.nih.gov/sra/SRX32212585[accn]
Onthophagus taurus,Onthophagus taurus epithelial tissue,Indiana University,Onthophagus taurus tissue-specific bulk RNA-seq,55.77,Ot-M9-PH-run2,RNA-Seq,TRANSCRIPTOMIC,SRX32212584,https://www.ncbi.nlm.nih.gov/sra/SRX32212584[accn]
Onthophagus taurus,Onthophagus taurus epithelial tissue,Indiana University,Onthophagus taurus tissue-specific bulk RNA-seq,166.32,Ot-M9-PH-run1,RNA-Seq,TRANSCRIPTOMIC,SRX32212583,https://www.ncbi.nlm.nih.gov/sra/SRX32212583[accn]
Onthophagus taurus,Onthophagus taurus epithelial tissue,Indiana University,Onthophagus taurus tissue-specific bulk RNA-seq,46.89,Ot-M9-L-run4,RNA-Seq,TRANSCRIPTOMIC,SRX32212582,https://www.ncbi.nlm.nih.gov/sra/SRX32212582[accn]
Onthophagus taurus,Onthophagus taurus epithelial tissue,Indiana University,Onthophagus taurus tissue-specific bulk RNA-seq,80.62,Ot-M9-L-run3,RNA-Seq,TRANSCRIPTOMIC,SRX32212581,https://www.ncbi.nlm.nih.gov/sra/SRX32212581[accn]
Onthophagus taurus,Onthophagus taurus epithelial tissue,Indiana University,Onthophagus taurus tissue-specific bulk RNA-seq,49.9,Ot-F11-AH-run4,RNA-Seq,TRANSCRIPTOMIC,SRX32212580,https://www.ncbi.nlm.nih.gov/sra/SRX32212580[accn]
Onthophagus taurus,Onthophagus taurus epithelial tissue,Indiana University,Onthophagus taurus tissue-specific bulk RNA-seq,45.95,Ot-M9-L-run2,RNA-Seq,TRANSCRIPTOMIC,SRX32212579,https://www.ncbi.nlm.nih.gov/sra/SRX32212579[accn]
Onthophagus taurus,Onthophagus taurus epithelial tissue,Indiana University,Onthophagus taurus tissue-specific bulk RNA-seq,109.45,Ot-M9-L-run1,RNA-Seq,TRANSCRIPTOMIC,SRX32212578,https://www.ncbi.nlm.nih.gov/sra/SRX32212578[accn]
Onthophagus taurus,Onthophagus taurus epithelial tissue,Indiana University,Onthophagus taurus tissue-specific bulk RNA-seq,46.17,Ot-M9-G-run4,RNA-Seq,TRANSCRIPTOMIC,SRX32212577,https://www.ncbi.nlm.nih.gov/sra/SRX32212577[accn]
Onthophagus taurus,Onthophagus taurus epithelial tissue,Indiana University,Onthophagus taurus tissue-specific bulk RNA-seq,115.73,Ot-M9-G-run3,RNA-Seq,TRANSCRIPTOMIC,SRX32212576,https://www.ncbi.nlm.nih.gov/sra/SRX32212576[accn]
Onthophagus taurus,Onthophagus taurus epithelial tissue,Indiana University,Onthophagus taurus tissue-specific bulk RNA-seq,68.55,Ot-M9-G-run2,RNA-Seq,TRANSCRIPTOMIC,SRX32212575,https://www.ncbi.nlm.nih.gov/sra/SRX32212575[accn]
Onthophagus taurus,Onthophagus taurus epithelial tissue,Indiana University,Onthophagus taurus tissue-specific bulk RNA-seq,200.34,Ot-M9-G-run1,RNA-Seq,TRANSCRIPTOMIC,SRX32212574,https://www.ncbi.nlm.nih.gov/sra/SRX32212574[accn]
Onthophagus taurus,Onthophagus taurus epithelial tissue,Indiana University,Onthophagus taurus tissue-specific bulk RNA-seq,40.65,Ot-M9-E-run4,RNA-Seq,TRANSCRIPTOMIC,SRX32212573,https://www.ncbi.nlm.nih.gov/sra/SRX32212573[accn]
Onthophagus taurus,Onthophagus taurus epithelial tissue,Indiana University,Onthophagus taurus tissue-specific bulk RNA-seq,73.6,Ot-M9-E-run3,RNA-Seq,TRANSCRIPTOMIC,SRX32212572,https://www.ncbi.nlm.nih.gov/sra/SRX32212572[accn]
Onthophagus taurus,Onthophagus taurus epithelial tissue,Indiana University,Onthophagus taurus tissue-specific bulk RNA-seq,42.84,Ot-M9-E-run2,RNA-Seq,TRANSCRIPTOMIC,SRX32212571,https://www.ncbi.nlm.nih.gov/sra/SRX32212571[accn]
Onthophagus taurus,Onthophagus taurus epithelial tissue,Indiana University,Onthophagus taurus tissue-specific bulk RNA-seq,152.02,Ot-M9-E-run1,RNA-Seq,TRANSCRIPTOMIC,SRX32212570,https://www.ncbi.nlm.nih.gov/sra/SRX32212570[accn]
Onthophagus taurus,Onthophagus taurus epithelial tissue,Indiana University,Onthophagus taurus tissue-specific bulk RNA-seq,107.08,Ot-F11-AH-run3,RNA-Seq,TRANSCRIPTOMIC,SRX32212569,https://www.ncbi.nlm.nih.gov/sra/SRX32212569[accn]
Onthophagus taurus,Onthophagus taurus epithelial tissue,Indiana University,Onthophagus taurus tissue-specific bulk RNA-seq,28.39,Ot-M9-AH-run4,RNA-Seq,TRANSCRIPTOMIC,SRX32212568,https://www.ncbi.nlm.nih.gov/sra/SRX32212568[accn]
Onthophagus taurus,Onthophagus taurus epithelial tissue,Indiana University,Onthophagus taurus tissue-specific bulk RNA-seq,58.11,Ot-M9-AH-run3,RNA-Seq,TRANSCRIPTOMIC,SRX32212567,https://www.ncbi.nlm.nih.gov/sra/SRX32212567[accn]
Onthophagus taurus,Onthophagus taurus epithelial tissue,Indiana University,Onthophagus taurus tissue-specific bulk RNA-seq,39.8,Ot-M9-AH-run2,RNA-Seq,TRANSCRIPTOMIC,SRX32212566,https://www.ncbi.nlm.nih.gov/sra/SRX32212566[accn]
Onthophagus taurus,Onthophagus taurus epithelial tissue,Indiana University,Onthophagus taurus tissue-specific bulk RNA-seq,158.98,Ot-M9-AH-run1,RNA-Seq,TRANSCRIPTOMIC,SRX32212565,https://www.ncbi.nlm.nih.gov/sra/SRX32212565[accn]
Onthophagus taurus,Onthophagus taurus epithelial tissue,Indiana University,Onthophagus taurus tissue-specific bulk RNA-seq,31.39,Ot-M7-PH-run4,RNA-Seq,TRANSCRIPTOMIC,SRX32212564,https://www.ncbi.nlm.nih.gov/sra/SRX32212564[accn]
Onthophagus taurus,Onthophagus taurus epithelial tissue,Indiana University,Onthophagus taurus tissue-specific bulk RNA-seq,36.38,Ot-M7-PH-run3,RNA-Seq,TRANSCRIPTOMIC,SRX32212563,https://www.ncbi.nlm.nih.gov/sra/SRX32212563[accn]
Onthophagus taurus,Onthophagus taurus epithelial tissue,Indiana University,Onthophagus taurus tissue-specific bulk RNA-seq,25.59,Ot-M7-PH-run2,RNA-Seq,TRANSCRIPTOMIC,SRX32212562,https://www.ncbi.nlm.nih.gov/sra/SRX32212562[accn]
Onthophagus taurus,Onthophagus taurus epithelial tissue,Indiana University,Onthophagus taurus tissue-specific bulk RNA-seq,122.22,Ot-M7-PH-run1,RNA-Seq,TRANSCRIPTOMIC,SRX32212561,https://www.ncbi.nlm.nih.gov/sra/SRX32212561[accn]
Onthophagus taurus,Onthophagus taurus epithelial tissue,Indiana University,Onthophagus taurus tissue-specific bulk RNA-seq,63.01,Ot-M7-L-run4,RNA-Seq,TRANSCRIPTOMIC,SRX32212560,https://www.ncbi.nlm.nih.gov/sra/SRX32212560[accn]
Onthophagus taurus,Onthophagus taurus epithelial tissue,Indiana University,Onthophagus taurus tissue-specific bulk RNA-seq,41.45,Ot-M7-L-run3,RNA-Seq,TRANSCRIPTOMIC,SRX32212559,https://www.ncbi.nlm.nih.gov/sra/SRX32212559[accn]
Onthophagus taurus,Onthophagus taurus epithelial tissue,Indiana University,Onthophagus taurus tissue-specific bulk RNA-seq,66.39,Ot-F11-AH-run2,RNA-Seq,TRANSCRIPTOMIC,SRX32212558,https://www.ncbi.nlm.nih.gov/sra/SRX32212558[accn]
Onthophagus taurus,Onthophagus taurus epithelial tissue,Indiana University,Onthophagus taurus tissue-specific bulk RNA-seq,106.56,Ot-F8-E-run1,RNA-Seq,TRANSCRIPTOMIC,SRX32212557,https://www.ncbi.nlm.nih.gov/sra/SRX32212557[accn]
Onthophagus taurus,Onthophagus taurus epithelial tissue,Indiana University,Onthophagus taurus tissue-specific bulk RNA-seq,50.4,Ot-F8-AH-run4,RNA-Seq,TRANSCRIPTOMIC,SRX32212556,https://www.ncbi.nlm.nih.gov/sra/SRX32212556[accn]
Onthophagus taurus,Onthophagus taurus epithelial tissue,Indiana University,Onthophagus taurus tissue-specific bulk RNA-seq,103.19,Ot-F8-AH-run3,RNA-Seq,TRANSCRIPTOMIC,SRX32212555,https://www.ncbi.nlm.nih.gov/sra/SRX32212555[accn]
Onthophagus taurus,Onthophagus taurus epithelial tissue,Indiana University,Onthophagus taurus tissue-specific bulk RNA-seq,65.96,Ot-F8-AH-run2,RNA-Seq,TRANSCRIPTOMIC,SRX32212554,https://www.ncbi.nlm.nih.gov/sra/SRX32212554[accn]
Onthophagus taurus,Onthophagus taurus epithelial tissue,Indiana University,Onthophagus taurus tissue-specific bulk RNA-seq,129.02,Ot-F8-AH-run1,RNA-Seq,TRANSCRIPTOMIC,SRX32212553,https://www.ncbi.nlm.nih.gov/sra/SRX32212553[accn]
Onthophagus taurus,Onthophagus taurus epithelial tissue,Indiana University,Onthophagus taurus tissue-specific bulk RNA-seq,197.72,Ot-F10-G-run1,RNA-Seq,TRANSCRIPTOMIC,SRX32212552,https://www.ncbi.nlm.nih.gov/sra/SRX32212552[accn]
Onthophagus taurus,Onthophagus taurus epithelial tissue,Indiana University,Onthophagus taurus tissue-specific bulk RNA-seq,41.63,Ot-F7-PH-run4,RNA-Seq,TRANSCRIPTOMIC,SRX32212551,https://www.ncbi.nlm.nih.gov/sra/SRX32212551[accn]
Onthophagus taurus,Onthophagus taurus epithelial tissue,Indiana University,Onthophagus taurus tissue-specific bulk RNA-seq,86.36,Ot-F7-PH-run3,RNA-Seq,TRANSCRIPTOMIC,SRX32212550,https://www.ncbi.nlm.nih.gov/sra/SRX32212550[accn]
Onthophagus taurus,Onthophagus taurus epithelial tissue,Indiana University,Onthophagus taurus tissue-specific bulk RNA-seq,53.35,Ot-F7-PH-run2,RNA-Seq,TRANSCRIPTOMIC,SRX32212549,https://www.ncbi.nlm.nih.gov/sra/SRX32212549[accn]
Onthophagus taurus,Onthophagus taurus epithelial tissue,Indiana University,Onthophagus taurus tissue-specific bulk RNA-seq,133.9,Ot-F7-PH-run1,RNA-Seq,TRANSCRIPTOMIC,SRX32212548,https://www.ncbi.nlm.nih.gov/sra/SRX32212548[accn]
Onthophagus taurus,Onthophagus taurus epithelial tissue,Indiana University,Onthophagus taurus tissue-specific bulk RNA-seq,28.97,Ot-F7-L-run4,RNA-Seq,TRANSCRIPTOMIC,SRX32212547,https://www.ncbi.nlm.nih.gov/sra/SRX32212547[accn]
Onthophagus taurus,Onthophagus taurus epithelial tissue,Indiana University,Onthophagus taurus tissue-specific bulk RNA-seq,60.4,Ot-F7-L-run3,RNA-Seq,TRANSCRIPTOMIC,SRX32212546,https://www.ncbi.nlm.nih.gov/sra/SRX32212546[accn]
Onthophagus taurus,Onthophagus taurus epithelial tissue,Indiana University,Onthophagus taurus tissue-specific bulk RNA-seq,39.44,Ot-F7-L-run2,RNA-Seq,TRANSCRIPTOMIC,SRX32212545,https://www.ncbi.nlm.nih.gov/sra/SRX32212545[accn]
Onthophagus taurus,Onthophagus taurus epithelial tissue,Indiana University,Onthophagus taurus tissue-specific bulk RNA-seq,147.38,Ot-F7-L-run1,RNA-Seq,TRANSCRIPTOMIC,SRX32212544,https://www.ncbi.nlm.nih.gov/sra/SRX32212544[accn]
Onthophagus taurus,Onthophagus taurus epithelial tissue,Indiana University,Onthophagus taurus tissue-specific bulk RNA-seq,43.19,Ot-F7-G-run4,RNA-Seq,TRANSCRIPTOMIC,SRX32212543,https://www.ncbi.nlm.nih.gov/sra/SRX32212543[accn]
Onthophagus taurus,Onthophagus taurus epithelial tissue,Indiana University,Onthophagus taurus tissue-specific bulk RNA-seq,85.6,Ot-F7-G-run3,RNA-Seq,TRANSCRIPTOMIC,SRX32212542,https://www.ncbi.nlm.nih.gov/sra/SRX32212542[accn]
Onthophagus taurus,Onthophagus taurus epithelial tissue,Indiana University,Onthophagus taurus tissue-specific bulk RNA-seq,36.15,Ot-F10-E-run4,RNA-Seq,TRANSCRIPTOMIC,SRX32212541,https://www.ncbi.nlm.nih.gov/sra/SRX32212541[accn]
Onthophagus taurus,Onthophagus taurus epithelial tissue,Indiana University,Onthophagus taurus tissue-specific bulk RNA-seq,48.2,Ot-F7-G-run2,RNA-Seq,TRANSCRIPTOMIC,SRX32212540,https://www.ncbi.nlm.nih.gov/sra/SRX32212540[accn]
Onthophagus taurus,Onthophagus taurus epithelial tissue,Indiana University,Onthophagus taurus tissue-specific bulk RNA-seq,142.78,Ot-F7-G-run1,RNA-Seq,TRANSCRIPTOMIC,SRX32212539,https://www.ncbi.nlm.nih.gov/sra/SRX32212539[accn]
Onthophagus taurus,Onthophagus taurus epithelial tissue,Indiana University,Onthophagus taurus tissue-specific bulk RNA-seq,45.59,Ot-F7-E-run4,RNA-Seq,TRANSCRIPTOMIC,SRX32212538,https://www.ncbi.nlm.nih.gov/sra/SRX32212538[accn]
Onthophagus taurus,Onthophagus taurus epithelial tissue,Indiana University,Onthophagus taurus tissue-specific bulk RNA-seq,97.1,Ot-F7-E-run3,RNA-Seq,TRANSCRIPTOMIC,SRX32212537,https://www.ncbi.nlm.nih.gov/sra/SRX32212537[accn]
Onthophagus taurus,Onthophagus taurus epithelial tissue,Indiana University,Onthophagus taurus tissue-specific bulk RNA-seq,64.71,Ot-F7-E-run2,RNA-Seq,TRANSCRIPTOMIC,SRX32212536,https://www.ncbi.nlm.nih.gov/sra/SRX32212536[accn]
Onthophagus taurus,Onthophagus taurus epithelial tissue,Indiana University,Onthophagus taurus tissue-specific bulk RNA-seq,141.24,Ot-F7-E-run1,RNA-Seq,TRANSCRIPTOMIC,SRX32212535,https://www.ncbi.nlm.nih.gov/sra/SRX32212535[accn]
Onthophagus taurus,Onthophagus taurus epithelial tissue,Indiana University,Onthophagus taurus tissue-specific bulk RNA-seq,61.76,Ot-F7-AH-run4,RNA-Seq,TRANSCRIPTOMIC,SRX32212534,https://www.ncbi.nlm.nih.gov/sra/SRX32212534[accn]
Onthophagus taurus,Onthophagus taurus epithelial tissue,Indiana University,Onthophagus taurus tissue-specific bulk RNA-seq,121.59,Ot-F7-AH-run3,RNA-Seq,TRANSCRIPTOMIC,SRX32212533,https://www.ncbi.nlm.nih.gov/sra/SRX32212533[accn]
Onthophagus taurus,Onthophagus taurus epithelial tissue,Indiana University,Onthophagus taurus tissue-specific bulk RNA-seq,71.28,Ot-F7-AH-run2,RNA-Seq,TRANSCRIPTOMIC,SRX32212532,https://www.ncbi.nlm.nih.gov/sra/SRX32212532[accn]
Onthophagus taurus,Onthophagus taurus epithelial tissue,Indiana University,Onthophagus taurus tissue-specific bulk RNA-seq,100.72,Ot-F7-AH-run1,RNA-Seq,TRANSCRIPTOMIC,SRX32212531,https://www.ncbi.nlm.nih.gov/sra/SRX32212531[accn]
Onthophagus taurus,Onthophagus taurus epithelial tissue,Indiana University,Onthophagus taurus tissue-specific bulk RNA-seq,74.72,Ot-F10-E-run3,RNA-Seq,TRANSCRIPTOMIC,SRX32212530,https://www.ncbi.nlm.nih.gov/sra/SRX32212530[accn]
Onthophagus taurus,Onthophagus taurus epithelial tissue,Indiana University,Onthophagus taurus tissue-specific bulk RNA-seq,68.45,Ot-F6-PH-run4,RNA-Seq,TRANSCRIPTOMIC,SRX32212529,https://www.ncbi.nlm.nih.gov/sra/SRX32212529[accn]
Onthophagus taurus,Onthophagus taurus epithelial tissue,Indiana University,Onthophagus taurus tissue-specific bulk RNA-seq,140.25,Ot-F6-PH-run3,RNA-Seq,TRANSCRIPTOMIC,SRX32212528,https://www.ncbi.nlm.nih.gov/sra/SRX32212528[accn]
Onthophagus taurus,Onthophagus taurus epithelial tissue,Indiana University,Onthophagus taurus tissue-specific bulk RNA-seq,97.08,Ot-F6-PH-run2,RNA-Seq,TRANSCRIPTOMIC,SRX32212527,https://www.ncbi.nlm.nih.gov/sra/SRX32212527[accn]
Onthophagus taurus,Onthophagus taurus epithelial tissue,Indiana University,Onthophagus taurus tissue-specific bulk RNA-seq,117,Ot-F6-PH-run1,RNA-Seq,TRANSCRIPTOMIC,SRX32212526,https://www.ncbi.nlm.nih.gov/sra/SRX32212526[accn]
Onthophagus taurus,Onthophagus taurus epithelial tissue,Indiana University,Onthophagus taurus tissue-specific bulk RNA-seq,198.86,Ot-M4-E-run1,RNA-Seq,TRANSCRIPTOMIC,SRX32212525,https://www.ncbi.nlm.nih.gov/sra/SRX32212525[accn]
Onthophagus taurus,Onthophagus taurus epithelial tissue,Indiana University,Onthophagus taurus tissue-specific bulk RNA-seq,70.4,Ot-F10-PH-run3,RNA-Seq,TRANSCRIPTOMIC,SRX32212524,https://www.ncbi.nlm.nih.gov/sra/SRX32212524[accn]
Onthophagus taurus,Onthophagus taurus epithelial tissue,Indiana University,Onthophagus taurus tissue-specific bulk RNA-seq,38.46,Ot-M4-AH-run4,RNA-Seq,TRANSCRIPTOMIC,SRX32212523,https://www.ncbi.nlm.nih.gov/sra/SRX32212523[accn]
Onthophagus taurus,Onthophagus taurus epithelial tissue,Indiana University,Onthophagus taurus tissue-specific bulk RNA-seq,66.24,Ot-M4-AH-run3,RNA-Seq,TRANSCRIPTOMIC,SRX32212522,https://www.ncbi.nlm.nih.gov/sra/SRX32212522[accn]
Onthophagus taurus,Onthophagus taurus epithelial tissue,Indiana University,Onthophagus taurus tissue-specific bulk RNA-seq,41.01,Ot-M4-AH-run2,RNA-Seq,TRANSCRIPTOMIC,SRX32212521,https://www.ncbi.nlm.nih.gov/sra/SRX32212521[accn]
Onthophagus taurus,Onthophagus taurus epithelial tissue,Indiana University,Onthophagus taurus tissue-specific bulk RNA-seq,124.19,Ot-M4-AH-run1,RNA-Seq,TRANSCRIPTOMIC,SRX32212520,https://www.ncbi.nlm.nih.gov/sra/SRX32212520[accn]
Onthophagus taurus,Onthophagus taurus epithelial tissue,Indiana University,Onthophagus taurus tissue-specific bulk RNA-seq,40.59,Ot-M2-PH-run4,RNA-Seq,TRANSCRIPTOMIC,SRX32212519,https://www.ncbi.nlm.nih.gov/sra/SRX32212519[accn]
Onthophagus taurus,Onthophagus taurus epithelial tissue,Indiana University,Onthophagus taurus tissue-specific bulk RNA-seq,72.82,Ot-M2-PH-run3,RNA-Seq,TRANSCRIPTOMIC,SRX32212518,https://www.ncbi.nlm.nih.gov/sra/SRX32212518[accn]
Onthophagus taurus,Onthophagus taurus epithelial tissue,Indiana University,Onthophagus taurus tissue-specific bulk RNA-seq,42.45,Ot-M2-PH-run2,RNA-Seq,TRANSCRIPTOMIC,SRX32212517,https://www.ncbi.nlm.nih.gov/sra/SRX32212517[accn]
Onthophagus taurus,Onthophagus taurus epithelial tissue,Indiana University,Onthophagus taurus tissue-specific bulk RNA-seq,115.91,Ot-M2-PH-run1,RNA-Seq,TRANSCRIPTOMIC,SRX32212516,https://www.ncbi.nlm.nih.gov/sra/SRX32212516[accn]
Onthophagus taurus,Onthophagus taurus epithelial tissue,Indiana University,Onthophagus taurus tissue-specific bulk RNA-seq,59.69,Ot-M2-L-run4,RNA-Seq,TRANSCRIPTOMIC,SRX32212515,https://www.ncbi.nlm.nih.gov/sra/SRX32212515[accn]
Onthophagus taurus,Onthophagus taurus epithelial tissue,Indiana University,Onthophagus taurus tissue-specific bulk RNA-seq,103.82,Ot-M2-L-run3,RNA-Seq,TRANSCRIPTOMIC,SRX32212514,https://www.ncbi.nlm.nih.gov/sra/SRX32212514[accn]
Onthophagus taurus,Onthophagus taurus epithelial tissue,Indiana University,Onthophagus taurus tissue-specific bulk RNA-seq,41.85,Ot-F10-PH-run2,RNA-Seq,TRANSCRIPTOMIC,SRX32212513,https://www.ncbi.nlm.nih.gov/sra/SRX32212513[accn]
Onthophagus taurus,Onthophagus taurus epithelial tissue,Indiana University,Onthophagus taurus tissue-specific bulk RNA-seq,65.14,Ot-M2-L-run2,RNA-Seq,TRANSCRIPTOMIC,SRX32212512,https://www.ncbi.nlm.nih.gov/sra/SRX32212512[accn]
Onthophagus taurus,Onthophagus taurus epithelial tissue,Indiana University,Onthophagus taurus tissue-specific bulk RNA-seq,104.74,Ot-M2-L-run1,RNA-Seq,TRANSCRIPTOMIC,SRX32212511,https://www.ncbi.nlm.nih.gov/sra/SRX32212511[accn]
Onthophagus taurus,Onthophagus taurus epithelial tissue,Indiana University,Onthophagus taurus tissue-specific bulk RNA-seq,43.42,Ot-M2-G-run4,RNA-Seq,TRANSCRIPTOMIC,SRX32212510,https://www.ncbi.nlm.nih.gov/sra/SRX32212510[accn]
Onthophagus taurus,Onthophagus taurus epithelial tissue,Indiana University,Onthophagus taurus tissue-specific bulk RNA-seq,8,Ot-M2-G-run3,RNA-Seq,TRANSCRIPTOMIC,SRX32212509,https://www.ncbi.nlm.nih.gov/sra/SRX32212509[accn]
Onthophagus taurus,Onthophagus taurus epithelial tissue,Indiana University,Onthophagus taurus tissue-specific bulk RNA-seq,23.77,Ot-M2-G-run2,RNA-Seq,TRANSCRIPTOMIC,SRX32212508,https://www.ncbi.nlm.nih.gov/sra/SRX32212508[accn]
Onthophagus taurus,Onthophagus taurus epithelial tissue,Indiana University,Onthophagus taurus tissue-specific bulk RNA-seq,107.87,Ot-M2-G-run1,RNA-Seq,TRANSCRIPTOMIC,SRX32212507,https://www.ncbi.nlm.nih.gov/sra/SRX32212507[accn]
Onthophagus taurus,Onthophagus taurus epithelial tissue,Indiana University,Onthophagus taurus tissue-specific bulk RNA-seq,45.26,Ot-M2-E-run4,RNA-Seq,TRANSCRIPTOMIC,SRX32212506,https://www.ncbi.nlm.nih.gov/sra/SRX32212506[accn]
Onthophagus taurus,Onthophagus taurus epithelial tissue,Indiana University,Onthophagus taurus tissue-specific bulk RNA-seq,119.06,Ot-M2-E-run3,RNA-Seq,TRANSCRIPTOMIC,SRX32212505,https://www.ncbi.nlm.nih.gov/sra/SRX32212505[accn]
Onthophagus taurus,Onthophagus taurus epithelial tissue,Indiana University,Onthophagus taurus tissue-specific bulk RNA-seq,72.12,Ot-M2-E-run2,RNA-Seq,TRANSCRIPTOMIC,SRX32212504,https://www.ncbi.nlm.nih.gov/sra/SRX32212504[accn]
Onthophagus taurus,Onthophagus taurus epithelial tissue,Indiana University,Onthophagus taurus tissue-specific bulk RNA-seq,123.25,Ot-M2-E-run1,RNA-Seq,TRANSCRIPTOMIC,SRX32212503,https://www.ncbi.nlm.nih.gov/sra/SRX32212503[accn]
Onthophagus taurus,Onthophagus taurus epithelial tissue,Indiana University,Onthophagus taurus tissue-specific bulk RNA-seq,158.52,Ot-F10-PH-run1,RNA-Seq,TRANSCRIPTOMIC,SRX32212502,https://www.ncbi.nlm.nih.gov/sra/SRX32212502[accn]
Onthophagus taurus,Onthophagus taurus epithelial tissue,Indiana University,Onthophagus taurus tissue-specific bulk RNA-seq,87.18,Ot-M2-AH-run4,RNA-Seq,TRANSCRIPTOMIC,SRX32212501,https://www.ncbi.nlm.nih.gov/sra/SRX32212501[accn]
Onthophagus taurus,Onthophagus taurus epithelial tissue,Indiana University,Onthophagus taurus tissue-specific bulk RNA-seq,7.56,Ot-M2-AH-run3,RNA-Seq,TRANSCRIPTOMIC,SRX32212500,https://www.ncbi.nlm.nih.gov/sra/SRX32212500[accn]
Onthophagus taurus,Onthophagus taurus epithelial tissue,Indiana University,Onthophagus taurus tissue-specific bulk RNA-seq,31.95,Ot-M2-AH-run2,RNA-Seq,TRANSCRIPTOMIC,SRX32212499,https://www.ncbi.nlm.nih.gov/sra/SRX32212499[accn]
Onthophagus taurus,Onthophagus taurus epithelial tissue,Indiana University,Onthophagus taurus tissue-specific bulk RNA-seq,35,Ot-M12-PH-run4,RNA-Seq,TRANSCRIPTOMIC,SRX32212498,https://www.ncbi.nlm.nih.gov/sra/SRX32212498[accn]
Onthophagus taurus,Onthophagus taurus epithelial tissue,Indiana University,Onthophagus taurus tissue-specific bulk RNA-seq,91.23,Ot-M12-PH-run3,RNA-Seq,TRANSCRIPTOMIC,SRX32212497,https://www.ncbi.nlm.nih.gov/sra/SRX32212497[accn]
Onthophagus taurus,Onthophagus taurus epithelial tissue,Indiana University,Onthophagus taurus tissue-specific bulk RNA-seq,55.08,Ot-M12-PH-run2,RNA-Seq,TRANSCRIPTOMIC,SRX32212496,https://www.ncbi.nlm.nih.gov/sra/SRX32212496[accn]
Onthophagus taurus,Onthophagus taurus epithelial tissue,Indiana University,Onthophagus taurus tissue-specific bulk RNA-seq,174.33,Ot-M12-PH-run1,RNA-Seq,TRANSCRIPTOMIC,SRX32212495,https://www.ncbi.nlm.nih.gov/sra/SRX32212495[accn]
Onthophagus taurus,Onthophagus taurus epithelial tissue,Indiana University,Onthophagus taurus tissue-specific bulk RNA-seq,66.83,Ot-M12-L-run4,RNA-Seq,TRANSCRIPTOMIC,SRX32212494,https://www.ncbi.nlm.nih.gov/sra/SRX32212494[accn]
Onthophagus taurus,Onthophagus taurus epithelial tissue,Indiana University,Onthophagus taurus tissue-specific bulk RNA-seq,61.23,Ot-F6-L-run4,RNA-Seq,TRANSCRIPTOMIC,SRX32212493,https://www.ncbi.nlm.nih.gov/sra/SRX32212493[accn]
Onthophagus taurus,Onthophagus taurus epithelial tissue,Indiana University,Onthophagus taurus tissue-specific bulk RNA-seq,105.76,Ot-F6-L-run3,RNA-Seq,TRANSCRIPTOMIC,SRX32212492,https://www.ncbi.nlm.nih.gov/sra/SRX32212492[accn]
Onthophagus taurus,Onthophagus taurus epithelial tissue,Indiana University,Onthophagus taurus tissue-specific bulk RNA-seq,75.67,Ot-F6-L-run2,RNA-Seq,TRANSCRIPTOMIC,SRX32212491,https://www.ncbi.nlm.nih.gov/sra/SRX32212491[accn]
Onthophagus taurus,Onthophagus taurus epithelial tissue,Indiana University,Onthophagus taurus tissue-specific bulk RNA-seq,106.85,Ot-F6-L-run1,RNA-Seq,TRANSCRIPTOMIC,SRX32212490,https://www.ncbi.nlm.nih.gov/sra/SRX32212490[accn]
Onthophagus taurus,Onthophagus taurus epithelial tissue,Indiana University,Onthophagus taurus tissue-specific bulk RNA-seq,25.05,Ot-F6-G-run4,RNA-Seq,TRANSCRIPTOMIC,SRX32212489,https://www.ncbi.nlm.nih.gov/sra/SRX32212489[accn]
Onthophagus taurus,Onthophagus taurus epithelial tissue,Indiana University,Onthophagus taurus tissue-specific bulk RNA-seq,49.63,Ot-F6-G-run3,RNA-Seq,TRANSCRIPTOMIC,SRX32212488,https://www.ncbi.nlm.nih.gov/sra/SRX32212488[accn]
Onthophagus taurus,Onthophagus taurus epithelial tissue,Indiana University,Onthophagus taurus tissue-specific bulk RNA-seq,46.17,Ot-F10-E-run2,RNA-Seq,TRANSCRIPTOMIC,SRX32212487,https://www.ncbi.nlm.nih.gov/sra/SRX32212487[accn]
Onthophagus taurus,Onthophagus taurus epithelial tissue,Indiana University,Onthophagus taurus tissue-specific bulk RNA-seq,31.27,Ot-F6-G-run2,RNA-Seq,TRANSCRIPTOMIC,SRX32212486,https://www.ncbi.nlm.nih.gov/sra/SRX32212486[accn]
Onthophagus taurus,Onthophagus taurus epithelial tissue,Indiana University,Onthophagus taurus tissue-specific bulk RNA-seq,170.1,Ot-F6-G-run1,RNA-Seq,TRANSCRIPTOMIC,SRX32212485,https://www.ncbi.nlm.nih.gov/sra/SRX32212485[accn]
Onthophagus taurus,Onthophagus taurus epithelial tissue,Indiana University,Onthophagus taurus tissue-specific bulk RNA-seq,23.46,Ot-F6-E-run4,RNA-Seq,TRANSCRIPTOMIC,SRX32212484,https://www.ncbi.nlm.nih.gov/sra/SRX32212484[accn]
Onthophagus taurus,Onthophagus taurus epithelial tissue,Indiana University,Onthophagus taurus tissue-specific bulk RNA-seq,44.99,Ot-F6-E-run3,RNA-Seq,TRANSCRIPTOMIC,SRX32212483,https://www.ncbi.nlm.nih.gov/sra/SRX32212483[accn]
Onthophagus taurus,Onthophagus taurus epithelial tissue,Indiana University,Onthophagus taurus tissue-specific bulk RNA-seq,28.8,Ot-F6-E-run2,RNA-Seq,TRANSCRIPTOMIC,SRX32212482,https://www.ncbi.nlm.nih.gov/sra/SRX32212482[accn]
Onthophagus taurus,Onthophagus taurus epithelial tissue,Indiana University,Onthophagus taurus tissue-specific bulk RNA-seq,207.83,Ot-F6-E-run1,RNA-Seq,TRANSCRIPTOMIC,SRX32212481,https://www.ncbi.nlm.nih.gov/sra/SRX32212481[accn]
Onthophagus taurus,Onthophagus taurus epithelial tissue,Indiana University,Onthophagus taurus tissue-specific bulk RNA-seq,63.68,Ot-F6-AH-run4,RNA-Seq,TRANSCRIPTOMIC,SRX32212480,https://www.ncbi.nlm.nih.gov/sra/SRX32212480[accn]
Onthophagus taurus,Onthophagus taurus epithelial tissue,Indiana University,Onthophagus taurus tissue-specific bulk RNA-seq,132.83,Ot-F6-AH-run3,RNA-Seq,TRANSCRIPTOMIC,SRX32212479,https://www.ncbi.nlm.nih.gov/sra/SRX32212479[accn]
Onthophagus taurus,Onthophagus taurus epithelial tissue,Indiana University,Onthophagus taurus tissue-specific bulk RNA-seq,82.13,Ot-F6-AH-run2,RNA-Seq,TRANSCRIPTOMIC,SRX32212478,https://www.ncbi.nlm.nih.gov/sra/SRX32212478[accn]
Onthophagus taurus,Onthophagus taurus epithelial tissue,Indiana University,Onthophagus taurus tissue-specific bulk RNA-seq,114.09,Ot-F6-AH-run1,RNA-Seq,TRANSCRIPTOMIC,SRX32212477,https://www.ncbi.nlm.nih.gov/sra/SRX32212477[accn]
Onthophagus taurus,Onthophagus taurus epithelial tissue,Indiana University,Onthophagus taurus tissue-specific bulk RNA-seq,162.45,Ot-F10-E-run1,RNA-Seq,TRANSCRIPTOMIC,SRX32212476,https://www.ncbi.nlm.nih.gov/sra/SRX32212476[accn]
Onthophagus taurus,Onthophagus taurus epithelial tissue,Indiana University,Onthophagus taurus tissue-specific bulk RNA-seq,52.63,Ot-F11-PH-run4,RNA-Seq,TRANSCRIPTOMIC,SRX32212475,https://www.ncbi.nlm.nih.gov/sra/SRX32212475[accn]
Onthophagus taurus,Onthophagus taurus epithelial tissue,Indiana University,Onthophagus taurus tissue-specific bulk RNA-seq,96.88,Ot-F11-PH-run3,RNA-Seq,TRANSCRIPTOMIC,SRX32212474,https://www.ncbi.nlm.nih.gov/sra/SRX32212474[accn]
Onthophagus taurus,Onthophagus taurus epithelial tissue,Indiana University,Onthophagus taurus tissue-specific bulk RNA-seq,66.65,Ot-F11-PH-run2,RNA-Seq,TRANSCRIPTOMIC,SRX32212473,https://www.ncbi.nlm.nih.gov/sra/SRX32212473[accn]
Onthophagus taurus,Onthophagus taurus epithelial tissue,Indiana University,Onthophagus taurus tissue-specific bulk RNA-seq,131.68,Ot-F11-PH-run1,RNA-Seq,TRANSCRIPTOMIC,SRX32212472,https://www.ncbi.nlm.nih.gov/sra/SRX32212472[accn]
Onthophagus taurus,Onthophagus taurus epithelial tissue,Indiana University,Onthophagus taurus tissue-specific bulk RNA-seq,16.33,Ot-F11-L-run4,RNA-Seq,TRANSCRIPTOMIC,SRX32212471,https://www.ncbi.nlm.nih.gov/sra/SRX32212471[accn]
Onthophagus taurus,Onthophagus taurus epithelial tissue,Indiana University,Onthophagus taurus tissue-specific bulk RNA-seq,36.18,Ot-F11-L-run3,RNA-Seq,TRANSCRIPTOMIC,SRX32212470,https://www.ncbi.nlm.nih.gov/sra/SRX32212470[accn]
Onthophagus taurus,Onthophagus taurus epithelial tissue,Indiana University,Onthophagus taurus tissue-specific bulk RNA-seq,24.43,Ot-F11-L-run2,RNA-Seq,TRANSCRIPTOMIC,SRX32212469,https://www.ncbi.nlm.nih.gov/sra/SRX32212469[accn]
Onthophagus taurus,Onthophagus taurus epithelial tissue,Indiana University,Onthophagus taurus tissue-specific bulk RNA-seq,173.31,Ot-F11-L-run1,RNA-Seq,TRANSCRIPTOMIC,SRX32212468,https://www.ncbi.nlm.nih.gov/sra/SRX32212468[accn]
Onthophagus taurus,Onthophagus taurus epithelial tissue,Indiana University,Onthophagus taurus tissue-specific bulk RNA-seq,46.5,Ot-F11-G-run4,RNA-Seq,TRANSCRIPTOMIC,SRX32212467,https://www.ncbi.nlm.nih.gov/sra/SRX32212467[accn]
Onthophagus taurus,Onthophagus taurus epithelial tissue,Indiana University,Onthophagus taurus tissue-specific bulk RNA-seq,98.54,Ot-F11-G-run3,RNA-Seq,TRANSCRIPTOMIC,SRX32212466,https://www.ncbi.nlm.nih.gov/sra/SRX32212466[accn]
Onthophagus taurus,Onthophagus taurus epithelial tissue,Indiana University,Onthophagus taurus tissue-specific bulk RNA-seq,36.67,Ot-F10-AH-run4,RNA-Seq,TRANSCRIPTOMIC,SRX32212465,https://www.ncbi.nlm.nih.gov/sra/SRX32212465[accn]
Onthophagus taurus,Onthophagus taurus epithelial tissue,Indiana University,Onthophagus taurus tissue-specific bulk RNA-seq,68.48,Ot-F11-G-run2,RNA-Seq,TRANSCRIPTOMIC,SRX32212464,https://www.ncbi.nlm.nih.gov/sra/SRX32212464[accn]
Onthophagus taurus,Onthophagus taurus epithelial tissue,Indiana University,Onthophagus taurus tissue-specific bulk RNA-seq,128.95,Ot-F11-G-run1,RNA-Seq,TRANSCRIPTOMIC,SRX32212463,https://www.ncbi.nlm.nih.gov/sra/SRX32212463[accn]
Onthophagus taurus,Onthophagus taurus epithelial tissue,Indiana University,Onthophagus taurus tissue-specific bulk RNA-seq,38.13,Ot-F11-E-run4,RNA-Seq,TRANSCRIPTOMIC,SRX32212462,https://www.ncbi.nlm.nih.gov/sra/SRX32212462[accn]
Onthophagus taurus,Onthophagus taurus epithelial tissue,Indiana University,Onthophagus taurus tissue-specific bulk RNA-seq,52.21,Ot-M12-L-run3,RNA-Seq,TRANSCRIPTOMIC,SRX32212461,https://www.ncbi.nlm.nih.gov/sra/SRX32212461[accn]
Onthophagus taurus,Onthophagus taurus epithelial tissue,Indiana University,Onthophagus taurus tissue-specific bulk RNA-seq,67.64,Ot-M12-L-run2,RNA-Seq,TRANSCRIPTOMIC,SRX32212460,https://www.ncbi.nlm.nih.gov/sra/SRX32212460[accn]
Onthophagus taurus,Onthophagus taurus epithelial tissue,Indiana University,Onthophagus taurus tissue-specific bulk RNA-seq,58.21,Ot-F10-L-run4,RNA-Seq,TRANSCRIPTOMIC,SRX32212459,https://www.ncbi.nlm.nih.gov/sra/SRX32212459[accn]
Onthophagus taurus,Onthophagus taurus epithelial tissue,Indiana University,Onthophagus taurus tissue-specific bulk RNA-seq,89.6,Ot-M12-L-run1,RNA-Seq,TRANSCRIPTOMIC,SRX32212458,https://www.ncbi.nlm.nih.gov/sra/SRX32212458[accn]
Onthophagus taurus,Onthophagus taurus epithelial tissue,Indiana University,Onthophagus taurus tissue-specific bulk RNA-seq,35.12,Ot-M12-G-run4,RNA-Seq,TRANSCRIPTOMIC,SRX32212457,https://www.ncbi.nlm.nih.gov/sra/SRX32212457[accn]
Onthophagus taurus,Onthophagus taurus epithelial tissue,Indiana University,Onthophagus taurus tissue-specific bulk RNA-seq,81.44,Ot-M12-G-run3,RNA-Seq,TRANSCRIPTOMIC,SRX32212456,https://www.ncbi.nlm.nih.gov/sra/SRX32212456[accn]
Onthophagus taurus,Onthophagus taurus epithelial tissue,Indiana University,Onthophagus taurus tissue-specific bulk RNA-seq,54.15,Ot-M12-G-run2,RNA-Seq,TRANSCRIPTOMIC,SRX32212455,https://www.ncbi.nlm.nih.gov/sra/SRX32212455[accn]
Onthophagus taurus,Onthophagus taurus epithelial tissue,Indiana University,Onthophagus taurus tissue-specific bulk RNA-seq,151.75,Ot-M12-G-run1,RNA-Seq,TRANSCRIPTOMIC,SRX32212454,https://www.ncbi.nlm.nih.gov/sra/SRX32212454[accn]
Onthophagus taurus,Onthophagus taurus epithelial tissue,Indiana University,Onthophagus taurus tissue-specific bulk RNA-seq,50.83,Ot-M12-E-run4,RNA-Seq,TRANSCRIPTOMIC,SRX32212453,https://www.ncbi.nlm.nih.gov/sra/SRX32212453[accn]
Onthophagus taurus,Onthophagus taurus epithelial tissue,Indiana University,Onthophagus taurus tissue-specific bulk RNA-seq,88.28,Ot-M12-E-run3,RNA-Seq,TRANSCRIPTOMIC,SRX32212452,https://www.ncbi.nlm.nih.gov/sra/SRX32212452[accn]
Onthophagus taurus,Onthophagus taurus epithelial tissue,Indiana University,Onthophagus taurus tissue-specific bulk RNA-seq,55.76,Ot-M12-E-run2,RNA-Seq,TRANSCRIPTOMIC,SRX32212451,https://www.ncbi.nlm.nih.gov/sra/SRX32212451[accn]
Onthophagus taurus,Onthophagus taurus epithelial tissue,Indiana University,Onthophagus taurus tissue-specific bulk RNA-seq,115.58,Ot-M12-E-run1,RNA-Seq,TRANSCRIPTOMIC,SRX32212450,https://www.ncbi.nlm.nih.gov/sra/SRX32212450[accn]
Onthophagus taurus,Onthophagus taurus epithelial tissue,Indiana University,Onthophagus taurus tissue-specific bulk RNA-seq,57.88,Ot-M12-AH-run4,RNA-Seq,TRANSCRIPTOMIC,SRX32212449,https://www.ncbi.nlm.nih.gov/sra/SRX32212449[accn]
Onthophagus taurus,Onthophagus taurus epithelial tissue,Indiana University,Onthophagus taurus tissue-specific bulk RNA-seq,125.83,Ot-F10-L-run3,RNA-Seq,TRANSCRIPTOMIC,SRX32212448,https://www.ncbi.nlm.nih.gov/sra/SRX32212448[accn]
Onthophagus taurus,Onthophagus taurus epithelial tissue,Indiana University,Onthophagus taurus tissue-specific bulk RNA-seq,92.54,Ot-M12-AH-run3,RNA-Seq,TRANSCRIPTOMIC,SRX32212447,https://www.ncbi.nlm.nih.gov/sra/SRX32212447[accn]
Onthophagus taurus,Onthophagus taurus epithelial tissue,Indiana University,Onthophagus taurus tissue-specific bulk RNA-seq,59.99,Ot-M12-AH-run2,RNA-Seq,TRANSCRIPTOMIC,SRX32212446,https://www.ncbi.nlm.nih.gov/sra/SRX32212446[accn]
Onthophagus taurus,Onthophagus taurus epithelial tissue,Indiana University,Onthophagus taurus tissue-specific bulk RNA-seq,96.12,Ot-M12-AH-run1,RNA-Seq,TRANSCRIPTOMIC,SRX32212445,https://www.ncbi.nlm.nih.gov/sra/SRX32212445[accn]
Onthophagus taurus,Onthophagus taurus epithelial tissue,Indiana University,Onthophagus taurus tissue-specific bulk RNA-seq,69.19,Ot-M11-PH-run4,RNA-Seq,TRANSCRIPTOMIC,SRX32212444,https://www.ncbi.nlm.nih.gov/sra/SRX32212444[accn]
Onthophagus taurus,Onthophagus taurus epithelial tissue,Indiana University,Onthophagus taurus tissue-specific bulk RNA-seq,119.08,Ot-M11-PH-run3,RNA-Seq,TRANSCRIPTOMIC,SRX32212443,https://www.ncbi.nlm.nih.gov/sra/SRX32212443[accn]
Onthophagus taurus,Onthophagus taurus epithelial tissue,Indiana University,Onthophagus taurus tissue-specific bulk RNA-seq,74.94,Ot-M11-PH-run2,RNA-Seq,TRANSCRIPTOMIC,SRX32212442,https://www.ncbi.nlm.nih.gov/sra/SRX32212442[accn]
Onthophagus taurus,Onthophagus taurus epithelial tissue,Indiana University,Onthophagus taurus tissue-specific bulk RNA-seq,97.93,Ot-M11-PH-run1,RNA-Seq,TRANSCRIPTOMIC,SRX32212441,https://www.ncbi.nlm.nih.gov/sra/SRX32212441[accn]
Onthophagus taurus,Onthophagus taurus epithelial tissue,Indiana University,Onthophagus taurus tissue-specific bulk RNA-seq,40.27,Ot-M11-L-run4,RNA-Seq,TRANSCRIPTOMIC,SRX32212440,https://www.ncbi.nlm.nih.gov/sra/SRX32212440[accn]
Onthophagus taurus,Onthophagus taurus epithelial tissue,Indiana University,Onthophagus taurus tissue-specific bulk RNA-seq,73.43,Ot-M11-L-run3,RNA-Seq,TRANSCRIPTOMIC,SRX32212439,https://www.ncbi.nlm.nih.gov/sra/SRX32212439[accn]
Onthophagus taurus,Onthophagus taurus epithelial tissue,Indiana University,Onthophagus taurus tissue-specific bulk RNA-seq,46.88,Ot-M11-L-run2,RNA-Seq,TRANSCRIPTOMIC,SRX32212438,https://www.ncbi.nlm.nih.gov/sra/SRX32212438[accn]
Onthophagus taurus,Onthophagus taurus epithelial tissue,Indiana University,Onthophagus taurus tissue-specific bulk RNA-seq,84.26,Ot-F10-L-run2,RNA-Seq,TRANSCRIPTOMIC,SRX32212437,https://www.ncbi.nlm.nih.gov/sra/SRX32212437[accn]
Onthophagus taurus,Onthophagus taurus epithelial tissue,Indiana University,Onthophagus taurus tissue-specific bulk RNA-seq,154.65,Ot-M11-L-run1,RNA-Seq,TRANSCRIPTOMIC,SRX32212436,https://www.ncbi.nlm.nih.gov/sra/SRX32212436[accn]
Onthophagus taurus,Onthophagus taurus epithelial tissue,Indiana University,Onthophagus taurus tissue-specific bulk RNA-seq,73.55,Ot-M11-G-run4,RNA-Seq,TRANSCRIPTOMIC,SRX32212435,https://www.ncbi.nlm.nih.gov/sra/SRX32212435[accn]
Onthophagus taurus,Onthophagus taurus epithelial tissue,Indiana University,Onthophagus taurus tissue-specific bulk RNA-seq,27.67,Ot-M11-G-run3,RNA-Seq,TRANSCRIPTOMIC,SRX32212434,https://www.ncbi.nlm.nih.gov/sra/SRX32212434[accn]
Onthophagus taurus,Onthophagus taurus epithelial tissue,Indiana University,Onthophagus taurus tissue-specific bulk RNA-seq,42.02,Ot-M11-G-run2,RNA-Seq,TRANSCRIPTOMIC,SRX32212433,https://www.ncbi.nlm.nih.gov/sra/SRX32212433[accn]
Onthophagus taurus,Onthophagus taurus epithelial tissue,Indiana University,Onthophagus taurus tissue-specific bulk RNA-seq,98.72,Ot-M11-G-run1,RNA-Seq,TRANSCRIPTOMIC,SRX32212432,https://www.ncbi.nlm.nih.gov/sra/SRX32212432[accn]
Onthophagus taurus,Onthophagus taurus epithelial tissue,Indiana University,Onthophagus taurus tissue-specific bulk RNA-seq,30.77,Ot-M11-E-run4,RNA-Seq,TRANSCRIPTOMIC,SRX32212431,https://www.ncbi.nlm.nih.gov/sra/SRX32212431[accn]
Onthophagus taurus,Onthophagus taurus epithelial tissue,Indiana University,Onthophagus taurus tissue-specific bulk RNA-seq,58.36,Ot-M11-E-run3,RNA-Seq,TRANSCRIPTOMIC,SRX32212430,https://www.ncbi.nlm.nih.gov/sra/SRX32212430[accn]
Onthophagus taurus,Onthophagus taurus epithelial tissue,Indiana University,Onthophagus taurus tissue-specific bulk RNA-seq,135.74,Ot-M7-L-run2,RNA-Seq,TRANSCRIPTOMIC,SRX32212429,https://www.ncbi.nlm.nih.gov/sra/SRX32212429[accn]
Onthophagus taurus,Onthophagus taurus epithelial tissue,Indiana University,Onthophagus taurus tissue-specific bulk RNA-seq,35.68,Ot-M7-L-run1,RNA-Seq,TRANSCRIPTOMIC,SRX32212428,https://www.ncbi.nlm.nih.gov/sra/SRX32212428[accn]
Onthophagus taurus,Onthophagus taurus epithelial tissue,Indiana University,Onthophagus taurus tissue-specific bulk RNA-seq,28.96,Ot-M7-G-run4,RNA-Seq,TRANSCRIPTOMIC,SRX32212427,https://www.ncbi.nlm.nih.gov/sra/SRX32212427[accn]
Onthophagus taurus,Onthophagus taurus epithelial tissue,Indiana University,Onthophagus taurus tissue-specific bulk RNA-seq,68.6,Ot-M7-G-run3,RNA-Seq,TRANSCRIPTOMIC,SRX32212426,https://www.ncbi.nlm.nih.gov/sra/SRX32212426[accn]
Onthophagus taurus,Onthophagus taurus epithelial tissue,Indiana University,Onthophagus taurus tissue-specific bulk RNA-seq,42.44,Ot-M7-G-run2,RNA-Seq,TRANSCRIPTOMIC,SRX32212425,https://www.ncbi.nlm.nih.gov/sra/SRX32212425[accn]
Onthophagus taurus,Onthophagus taurus epithelial tissue,Indiana University,Onthophagus taurus tissue-specific bulk RNA-seq,155.81,Ot-M7-G-run1,RNA-Seq,TRANSCRIPTOMIC,SRX32212424,https://www.ncbi.nlm.nih.gov/sra/SRX32212424[accn]
Onthophagus taurus,Onthophagus taurus epithelial tissue,Indiana University,Onthophagus taurus tissue-specific bulk RNA-seq,47.52,Ot-M7-E-run4,RNA-Seq,TRANSCRIPTOMIC,SRX32212423,https://www.ncbi.nlm.nih.gov/sra/SRX32212423[accn]
Onthophagus taurus,Onthophagus taurus epithelial tissue,Indiana University,Onthophagus taurus tissue-specific bulk RNA-seq,33.26,Ot-M7-E-run3,RNA-Seq,TRANSCRIPTOMIC,SRX32212422,https://www.ncbi.nlm.nih.gov/sra/SRX32212422[accn]
Onthophagus taurus,Onthophagus taurus epithelial tissue,Indiana University,Onthophagus taurus tissue-specific bulk RNA-seq,161.73,Ot-M7-E-run2,RNA-Seq,TRANSCRIPTOMIC,SRX32212421,https://www.ncbi.nlm.nih.gov/sra/SRX32212421[accn]
Onthophagus taurus,Onthophagus taurus epithelial tissue,Indiana University,Onthophagus taurus tissue-specific bulk RNA-seq,23.1,Ot-M7-E-run1,RNA-Seq,TRANSCRIPTOMIC,SRX32212420,https://www.ncbi.nlm.nih.gov/sra/SRX32212420[accn]
Onthophagus taurus,Onthophagus taurus epithelial tissue,Indiana University,Onthophagus taurus tissue-specific bulk RNA-seq,146.38,Ot-F11-AH-run1,RNA-Seq,TRANSCRIPTOMIC,SRX32212419,https://www.ncbi.nlm.nih.gov/sra/SRX32212419[accn]
Onthophagus taurus,Onthophagus taurus epithelial tissue,Indiana University,Onthophagus taurus tissue-specific bulk RNA-seq,35.19,Ot-F10-AH-run3,RNA-Seq,TRANSCRIPTOMIC,SRX32212418,https://www.ncbi.nlm.nih.gov/sra/SRX32212418[accn]
Onthophagus taurus,Onthophagus taurus epithelial tissue,Indiana University,Onthophagus taurus tissue-specific bulk RNA-seq,39.59,Ot-M7-AH-run4,RNA-Seq,TRANSCRIPTOMIC,SRX32212417,https://www.ncbi.nlm.nih.gov/sra/SRX32212417[accn]
Onthophagus taurus,Onthophagus taurus epithelial tissue,Indiana University,Onthophagus taurus tissue-specific bulk RNA-seq,72.4,Ot-M7-AH-run3,RNA-Seq,TRANSCRIPTOMIC,SRX32212416,https://www.ncbi.nlm.nih.gov/sra/SRX32212416[accn]
Onthophagus taurus,Onthophagus taurus epithelial tissue,Indiana University,Onthophagus taurus tissue-specific bulk RNA-seq,45.74,Ot-M7-AH-run2,RNA-Seq,TRANSCRIPTOMIC,SRX32212415,https://www.ncbi.nlm.nih.gov/sra/SRX32212415[accn]
Onthophagus taurus,Onthophagus taurus epithelial tissue,Indiana University,Onthophagus taurus tissue-specific bulk RNA-seq,151.12,Ot-M7-AH-run1,RNA-Seq,TRANSCRIPTOMIC,SRX32212414,https://www.ncbi.nlm.nih.gov/sra/SRX32212414[accn]
Onthophagus taurus,Onthophagus taurus epithelial tissue,Indiana University,Onthophagus taurus tissue-specific bulk RNA-seq,37.43,Ot-M4-PH-run4,RNA-Seq,TRANSCRIPTOMIC,SRX32212413,https://www.ncbi.nlm.nih.gov/sra/SRX32212413[accn]
Onthophagus taurus,Onthophagus taurus epithelial tissue,Indiana University,Onthophagus taurus tissue-specific bulk RNA-seq,67.71,Ot-M4-PH-run3,RNA-Seq,TRANSCRIPTOMIC,SRX32212412,https://www.ncbi.nlm.nih.gov/sra/SRX32212412[accn]
Onthophagus taurus,Onthophagus taurus epithelial tissue,Indiana University,Onthophagus taurus tissue-specific bulk RNA-seq,41.25,Ot-M4-PH-run2,RNA-Seq,TRANSCRIPTOMIC,SRX32212411,https://www.ncbi.nlm.nih.gov/sra/SRX32212411[accn]
Onthophagus taurus,Onthophagus taurus epithelial tissue,Indiana University,Onthophagus taurus tissue-specific bulk RNA-seq,142.05,Ot-M4-PH-run1,RNA-Seq,TRANSCRIPTOMIC,SRX32212410,https://www.ncbi.nlm.nih.gov/sra/SRX32212410[accn]
Onthophagus taurus,Onthophagus taurus epithelial tissue,Indiana University,Onthophagus taurus tissue-specific bulk RNA-seq,53.35,Ot-M4-L-run4,RNA-Seq,TRANSCRIPTOMIC,SRX32212409,https://www.ncbi.nlm.nih.gov/sra/SRX32212409[accn]
Onthophagus taurus,Onthophagus taurus epithelial tissue,Indiana University,Onthophagus taurus tissue-specific bulk RNA-seq,2.18,Ot-M4-L-run3,RNA-Seq,TRANSCRIPTOMIC,SRX32212408,https://www.ncbi.nlm.nih.gov/sra/SRX32212408[accn]
Onthophagus taurus,Onthophagus taurus epithelial tissue,Indiana University,Onthophagus taurus tissue-specific bulk RNA-seq,33.05,Ot-F10-PH-run4,RNA-Seq,TRANSCRIPTOMIC,SRX32212407,https://www.ncbi.nlm.nih.gov/sra/SRX32212407[accn]
Onthophagus taurus,Onthophagus taurus epithelial tissue,Indiana University,Onthophagus taurus tissue-specific bulk RNA-seq,27.77,Ot-M4-L-run2,RNA-Seq,TRANSCRIPTOMIC,SRX32212406,https://www.ncbi.nlm.nih.gov/sra/SRX32212406[accn]
Onthophagus taurus,Onthophagus taurus epithelial tissue,Indiana University,Onthophagus taurus tissue-specific bulk RNA-seq,105.44,Ot-M4-L-run1,RNA-Seq,TRANSCRIPTOMIC,SRX32212405,https://www.ncbi.nlm.nih.gov/sra/SRX32212405[accn]
Onthophagus taurus,Onthophagus taurus epithelial tissue,Indiana University,Onthophagus taurus tissue-specific bulk RNA-seq,15.89,Ot-M4-G-run4,RNA-Seq,TRANSCRIPTOMIC,SRX32212404,https://www.ncbi.nlm.nih.gov/sra/SRX32212404[accn]
Onthophagus taurus,Onthophagus taurus epithelial tissue,Indiana University,Onthophagus taurus tissue-specific bulk RNA-seq,41.96,Ot-M4-G-run3,RNA-Seq,TRANSCRIPTOMIC,SRX32212403,https://www.ncbi.nlm.nih.gov/sra/SRX32212403[accn]
Onthophagus taurus,Onthophagus taurus epithelial tissue,Indiana University,Onthophagus taurus tissue-specific bulk RNA-seq,26.83,Ot-M4-G-run2,RNA-Seq,TRANSCRIPTOMIC,SRX32212402,https://www.ncbi.nlm.nih.gov/sra/SRX32212402[accn]
Onthophagus taurus,Onthophagus taurus epithelial tissue,Indiana University,Onthophagus taurus tissue-specific bulk RNA-seq,166.74,Ot-M4-G-run1,RNA-Seq,TRANSCRIPTOMIC,SRX32212401,https://www.ncbi.nlm.nih.gov/sra/SRX32212401[accn]
Onthophagus taurus,Onthophagus taurus epithelial tissue,Indiana University,Onthophagus taurus tissue-specific bulk RNA-seq,52.06,Ot-M4-E-run4,RNA-Seq,TRANSCRIPTOMIC,SRX32212400,https://www.ncbi.nlm.nih.gov/sra/SRX32212400[accn]
Onthophagus taurus,Onthophagus taurus epithelial tissue,Indiana University,Onthophagus taurus tissue-specific bulk RNA-seq,97.46,Ot-M4-E-run3,RNA-Seq,TRANSCRIPTOMIC,SRX32212399,https://www.ncbi.nlm.nih.gov/sra/SRX32212399[accn]
Onthophagus taurus,Onthophagus taurus epithelial tissue,Indiana University,Onthophagus taurus tissue-specific bulk RNA-seq,59.82,Ot-M4-E-run2,RNA-Seq,TRANSCRIPTOMIC,SRX32212398,https://www.ncbi.nlm.nih.gov/sra/SRX32212398[accn]
Onthophagus taurus,Onthophagus taurus epithelial tissue,Indiana University,Onthophagus taurus tissue-specific bulk RNA-seq,42.21,Ot-M11-E-run2,RNA-Seq,TRANSCRIPTOMIC,SRX32212397,https://www.ncbi.nlm.nih.gov/sra/SRX32212397[accn]
Onthophagus taurus,Onthophagus taurus epithelial tissue,Indiana University,Onthophagus taurus tissue-specific bulk RNA-seq,156.39,Ot-M11-E-run1,RNA-Seq,TRANSCRIPTOMIC,SRX32212396,https://www.ncbi.nlm.nih.gov/sra/SRX32212396[accn]
Onthophagus taurus,Onthophagus taurus epithelial tissue,Indiana University,Onthophagus taurus tissue-specific bulk RNA-seq,46.06,Ot-M11-AH-run4,RNA-Seq,TRANSCRIPTOMIC,SRX32212395,https://www.ncbi.nlm.nih.gov/sra/SRX32212395[accn]
Onthophagus taurus,Onthophagus taurus epithelial tissue,Indiana University,Onthophagus taurus tissue-specific bulk RNA-seq,113.05,Ot-F10-L-run1,RNA-Seq,TRANSCRIPTOMIC,SRX32212394,https://www.ncbi.nlm.nih.gov/sra/SRX32212394[accn]
Onthophagus taurus,Onthophagus taurus epithelial tissue,Indiana University,Onthophagus taurus tissue-specific bulk RNA-seq,2.05,Ot-M11-AH-run3,RNA-Seq,TRANSCRIPTOMIC,SRX32212393,https://www.ncbi.nlm.nih.gov/sra/SRX32212393[accn]
Onthophagus taurus,Onthophagus taurus epithelial tissue,Indiana University,Onthophagus taurus tissue-specific bulk RNA-seq,19.26,Ot-M11-AH-run2,RNA-Seq,TRANSCRIPTOMIC,SRX32212392,https://www.ncbi.nlm.nih.gov/sra/SRX32212392[accn]
Onthophagus taurus,Onthophagus taurus epithelial tissue,Indiana University,Onthophagus taurus tissue-specific bulk RNA-seq,175.69,Ot-M11-AH-run1,RNA-Seq,TRANSCRIPTOMIC,SRX32212391,https://www.ncbi.nlm.nih.gov/sra/SRX32212391[accn]
Onthophagus taurus,Onthophagus taurus epithelial tissue,Indiana University,Onthophagus taurus tissue-specific bulk RNA-seq,57.84,Ot-F9-PH-run4,RNA-Seq,TRANSCRIPTOMIC,SRX32212390,https://www.ncbi.nlm.nih.gov/sra/SRX32212390[accn]
Onthophagus taurus,Onthophagus taurus epithelial tissue,Indiana University,Onthophagus taurus tissue-specific bulk RNA-seq,114.81,Ot-F9-PH-run3,RNA-Seq,TRANSCRIPTOMIC,SRX32212389,https://www.ncbi.nlm.nih.gov/sra/SRX32212389[accn]
Onthophagus taurus,Onthophagus taurus epithelial tissue,Indiana University,Onthophagus taurus tissue-specific bulk RNA-seq,65.59,Ot-F9-PH-run2,RNA-Seq,TRANSCRIPTOMIC,SRX32212388,https://www.ncbi.nlm.nih.gov/sra/SRX32212388[accn]
Onthophagus taurus,Onthophagus taurus epithelial tissue,Indiana University,Onthophagus taurus tissue-specific bulk RNA-seq,107.17,Ot-F9-PH-run1,RNA-Seq,TRANSCRIPTOMIC,SRX32212387,https://www.ncbi.nlm.nih.gov/sra/SRX32212387[accn]
Onthophagus taurus,Onthophagus taurus epithelial tissue,Indiana University,Onthophagus taurus tissue-specific bulk RNA-seq,45.79,Ot-F9-L-run4,RNA-Seq,TRANSCRIPTOMIC,SRX32212386,https://www.ncbi.nlm.nih.gov/sra/SRX32212386[accn]
Onthophagus taurus,Onthophagus taurus epithelial tissue,Indiana University,Onthophagus taurus tissue-specific bulk RNA-seq,95.66,Ot-F9-L-run3,RNA-Seq,TRANSCRIPTOMIC,SRX32212385,https://www.ncbi.nlm.nih.gov/sra/SRX32212385[accn]
Onthophagus taurus,Onthophagus taurus epithelial tissue,Indiana University,Onthophagus taurus tissue-specific bulk RNA-seq,64.94,Ot-F9-L-run2,RNA-Seq,TRANSCRIPTOMIC,SRX32212384,https://www.ncbi.nlm.nih.gov/sra/SRX32212384[accn]
Onthophagus taurus,Onthophagus taurus epithelial tissue,Indiana University,Onthophagus taurus tissue-specific bulk RNA-seq,22.41,Ot-F10-G-run4,RNA-Seq,TRANSCRIPTOMIC,SRX32212383,https://www.ncbi.nlm.nih.gov/sra/SRX32212383[accn]
Onthophagus taurus,Onthophagus taurus epithelial tissue,Indiana University,Onthophagus taurus tissue-specific bulk RNA-seq,145.77,Ot-F9-L-run1,RNA-Seq,TRANSCRIPTOMIC,SRX32212382,https://www.ncbi.nlm.nih.gov/sra/SRX32212382[accn]
Onthophagus taurus,Onthophagus taurus epithelial tissue,Indiana University,Onthophagus taurus tissue-specific bulk RNA-seq,54.77,Ot-F9-G-run4,RNA-Seq,TRANSCRIPTOMIC,SRX32212381,https://www.ncbi.nlm.nih.gov/sra/SRX32212381[accn]
Onthophagus taurus,Onthophagus taurus epithelial tissue,Indiana University,Onthophagus taurus tissue-specific bulk RNA-seq,83.65,Ot-F9-G-run3,RNA-Seq,TRANSCRIPTOMIC,SRX32212380,https://www.ncbi.nlm.nih.gov/sra/SRX32212380[accn]
Onthophagus taurus,Onthophagus taurus epithelial tissue,Indiana University,Onthophagus taurus tissue-specific bulk RNA-seq,63.68,Ot-F9-G-run2,RNA-Seq,TRANSCRIPTOMIC,SRX32212379,https://www.ncbi.nlm.nih.gov/sra/SRX32212379[accn]
Onthophagus taurus,Onthophagus taurus epithelial tissue,Indiana University,Onthophagus taurus tissue-specific bulk RNA-seq,124.54,Ot-F9-G-run1,RNA-Seq,TRANSCRIPTOMIC,SRX32212378,https://www.ncbi.nlm.nih.gov/sra/SRX32212378[accn]
Onthophagus taurus,Onthophagus taurus epithelial tissue,Indiana University,Onthophagus taurus tissue-specific bulk RNA-seq,279.99,Ot-F9-E-run1,RNA-Seq,TRANSCRIPTOMIC,SRX32212377,https://www.ncbi.nlm.nih.gov/sra/SRX32212377[accn]
Onthophagus taurus,Onthophagus taurus epithelial tissue,Indiana University,Onthophagus taurus tissue-specific bulk RNA-seq,65.1,Ot-F9-AH-run4,RNA-Seq,TRANSCRIPTOMIC,SRX32212376,https://www.ncbi.nlm.nih.gov/sra/SRX32212376[accn]
Onthophagus taurus,Onthophagus taurus epithelial tissue,Indiana University,Onthophagus taurus tissue-specific bulk RNA-seq,14.27,Ot-F9-AH-run3,RNA-Seq,TRANSCRIPTOMIC,SRX32212375,https://www.ncbi.nlm.nih.gov/sra/SRX32212375[accn]
Onthophagus taurus,Onthophagus taurus epithelial tissue,Indiana University,Onthophagus taurus tissue-specific bulk RNA-seq,44.92,Ot-F9-AH-run2,RNA-Seq,TRANSCRIPTOMIC,SRX32212374,https://www.ncbi.nlm.nih.gov/sra/SRX32212374[accn]
Onthophagus taurus,Onthophagus taurus epithelial tissue,Indiana University,Onthophagus taurus tissue-specific bulk RNA-seq,108.5,Ot-F9-AH-run1,RNA-Seq,TRANSCRIPTOMIC,SRX32212373,https://www.ncbi.nlm.nih.gov/sra/SRX32212373[accn]
Onthophagus taurus,Onthophagus taurus epithelial tissue,Indiana University,Onthophagus taurus tissue-specific bulk RNA-seq,23.91,Ot-F10-G-run3,RNA-Seq,TRANSCRIPTOMIC,SRX32212372,https://www.ncbi.nlm.nih.gov/sra/SRX32212372[accn]
Onthophagus taurus,Onthophagus taurus epithelial tissue,Indiana University,Onthophagus taurus tissue-specific bulk RNA-seq,33.58,Ot-F10-AH-run2,RNA-Seq,TRANSCRIPTOMIC,SRX32212371,https://www.ncbi.nlm.nih.gov/sra/SRX32212371[accn]
Onthophagus taurus,Onthophagus taurus epithelial tissue,Indiana University,Onthophagus taurus tissue-specific bulk RNA-seq,134.44,Ot-F10-AH-run1,RNA-Seq,TRANSCRIPTOMIC,SRX32212370,https://www.ncbi.nlm.nih.gov/sra/SRX32212370[accn]
Onthophagus taurus,Dovetail Omni-C reads of genomic DNA from Onthophagus taurus,Indiana University,Onthophagus taurus isolate:NC Genome sequencing,9780.36,Otau_HiC,Hi-C,GENOMIC,SRX20210261,https://www.ncbi.nlm.nih.gov/sra/SRX20210261[accn]
Onthophagus taurus,PacBio HiFi CCS reads of genomic DNA from Onthophagus taurus,Indiana University,Onthophagus taurus isolate:NC Genome sequencing,15062.2,Otau_HiFi,WGS,GENOMIC,SRX20210260,https://www.ncbi.nlm.nih.gov/sra/SRX20210260[accn]
Onthophagus taurus,O. taurus pupal head horns,Indiana University,Chromatin Accessibility of Onthophagus taurus Head Horns,236.25,rep1_M2L,ATAC-seq,GENOMIC,SRX20208371,https://www.ncbi.nlm.nih.gov/sra/SRX20208371[accn]
Onthophagus taurus,O. taurus pupal head horns,Indiana University,Chromatin Accessibility of Onthophagus taurus Head Horns,114.35,rep1_M2H,ATAC-seq,GENOMIC,SRX20208370,https://www.ncbi.nlm.nih.gov/sra/SRX20208370[accn]
Onthophagus taurus,O. taurus pupal head horns,Indiana University,Chromatin Accessibility of Onthophagus taurus Head Horns,549.56,rep1_M1L,ATAC-seq,GENOMIC,SRX20208369,https://www.ncbi.nlm.nih.gov/sra/SRX20208369[accn]
Onthophagus taurus,O. taurus pupal head horns,Indiana University,Chromatin Accessibility of Onthophagus taurus Head Horns,919.27,rep1_F5L,ATAC-seq,GENOMIC,SRX20208368,https://www.ncbi.nlm.nih.gov/sra/SRX20208368[accn]
Onthophagus taurus,O. taurus pupal head horns,Indiana University,Chromatin Accessibility of Onthophagus taurus Head Horns,174.37,rep5_M5L,ATAC-seq,GENOMIC,SRX20208367,https://www.ncbi.nlm.nih.gov/sra/SRX20208367[accn]
Onthophagus taurus,O. taurus pupal head horns,Indiana University,Chromatin Accessibility of Onthophagus taurus Head Horns,248.43,rep5_M5H,ATAC-seq,GENOMIC,SRX20208366,https://www.ncbi.nlm.nih.gov/sra/SRX20208366[accn]
Onthophagus taurus,O. taurus pupal head horns,Indiana University,Chromatin Accessibility of Onthophagus taurus Head Horns,229.47,rep5_M4L,ATAC-seq,GENOMIC,SRX20208365,https://www.ncbi.nlm.nih.gov/sra/SRX20208365[accn]
Onthophagus taurus,O. taurus pupal head horns,Indiana University,Chromatin Accessibility of Onthophagus taurus Head Horns,253.08,rep5_M4H,ATAC-seq,GENOMIC,SRX20208364,https://www.ncbi.nlm.nih.gov/sra/SRX20208364[accn]
Onthophagus taurus,O. taurus pupal head horns,Indiana University,Chromatin Accessibility of Onthophagus taurus Head Horns,178.66,rep5_M3L,ATAC-seq,GENOMIC,SRX20208363,https://www.ncbi.nlm.nih.gov/sra/SRX20208363[accn]
Onthophagus taurus,O. taurus pupal head horns,Indiana University,Chromatin Accessibility of Onthophagus taurus Head Horns,202.5,rep5_M3H,ATAC-seq,GENOMIC,SRX20208362,https://www.ncbi.nlm.nih.gov/sra/SRX20208362[accn]
Onthophagus taurus,O. taurus pupal head horns,Indiana University,Chromatin Accessibility of Onthophagus taurus Head Horns,252.56,rep5_M2L,ATAC-seq,GENOMIC,SRX20208361,https://www.ncbi.nlm.nih.gov/sra/SRX20208361[accn]
Onthophagus taurus,O. taurus pupal head horns,Indiana University,Chromatin Accessibility of Onthophagus taurus Head Horns,124.91,rep5_M2H,ATAC-seq,GENOMIC,SRX20208360,https://www.ncbi.nlm.nih.gov/sra/SRX20208360[accn]
Onthophagus taurus,O. taurus pupal head horns,Indiana University,Chromatin Accessibility of Onthophagus taurus Head Horns,1247.08,rep1_F5H,ATAC-seq,GENOMIC,SRX20208359,https://www.ncbi.nlm.nih.gov/sra/SRX20208359[accn]
Onthophagus taurus,O. taurus pupal head horns,Indiana University,Chromatin Accessibility of Onthophagus taurus Head Horns,180.11,rep5_M1L,ATAC-seq,GENOMIC,SRX20208358,https://www.ncbi.nlm.nih.gov/sra/SRX20208358[accn]
Onthophagus taurus,O. taurus pupal head horns,Indiana University,Chromatin Accessibility of Onthophagus taurus Head Horns,306.71,rep5_F5L,ATAC-seq,GENOMIC,SRX20208357,https://www.ncbi.nlm.nih.gov/sra/SRX20208357[accn]
Onthophagus taurus,O. taurus pupal head horns,Indiana University,Chromatin Accessibility of Onthophagus taurus Head Horns,1483.12,rep5_F5H,ATAC-seq,GENOMIC,SRX20208356,https://www.ncbi.nlm.nih.gov/sra/SRX20208356[accn]
Onthophagus taurus,O. taurus pupal head horns,Indiana University,Chromatin Accessibility of Onthophagus taurus Head Horns,2364.03,rep5_F3L,ATAC-seq,GENOMIC,SRX20208355,https://www.ncbi.nlm.nih.gov/sra/SRX20208355[accn]
Onthophagus taurus,O. taurus pupal head horns,Indiana University,Chromatin Accessibility of Onthophagus taurus Head Horns,1273.29,rep5_F3H,ATAC-seq,GENOMIC,SRX20208354,https://www.ncbi.nlm.nih.gov/sra/SRX20208354[accn]
Onthophagus taurus,O. taurus pupal head horns,Indiana University,Chromatin Accessibility of Onthophagus taurus Head Horns,188.84,rep5_F2H,ATAC-seq,GENOMIC,SRX20208353,https://www.ncbi.nlm.nih.gov/sra/SRX20208353[accn]
Onthophagus taurus,O. taurus pupal head horns,Indiana University,Chromatin Accessibility of Onthophagus taurus Head Horns,149.57,rep5_F1L,ATAC-seq,GENOMIC,SRX20208352,https://www.ncbi.nlm.nih.gov/sra/SRX20208352[accn]
Onthophagus taurus,O. taurus pupal head horns,Indiana University,Chromatin Accessibility of Onthophagus taurus Head Horns,147.08,rep5_F1H,ATAC-seq,GENOMIC,SRX20208351,https://www.ncbi.nlm.nih.gov/sra/SRX20208351[accn]
Onthophagus taurus,O. taurus pupal head horns,Indiana University,Chromatin Accessibility of Onthophagus taurus Head Horns,27.61,rep4_M5L,ATAC-seq,GENOMIC,SRX20208350,https://www.ncbi.nlm.nih.gov/sra/SRX20208350[accn]
Onthophagus taurus,O. taurus pupal head horns,Indiana University,Chromatin Accessibility of Onthophagus taurus Head Horns,38.96,rep4_M5H,ATAC-seq,GENOMIC,SRX20208349,https://www.ncbi.nlm.nih.gov/sra/SRX20208349[accn]
Onthophagus taurus,O. taurus pupal head horns,Indiana University,Chromatin Accessibility of Onthophagus taurus Head Horns,2274.39,rep1_F3L,ATAC-seq,GENOMIC,SRX20208348,https://www.ncbi.nlm.nih.gov/sra/SRX20208348[accn]
Onthophagus taurus,O. taurus pupal head horns,Indiana University,Chromatin Accessibility of Onthophagus taurus Head Horns,39.81,rep4_M4L,ATAC-seq,GENOMIC,SRX20208347,https://www.ncbi.nlm.nih.gov/sra/SRX20208347[accn]
Onthophagus taurus,O. taurus pupal head horns,Indiana University,Chromatin Accessibility of Onthophagus taurus Head Horns,38.09,rep4_M4H,ATAC-seq,GENOMIC,SRX20208346,https://www.ncbi.nlm.nih.gov/sra/SRX20208346[accn]
Onthophagus taurus,O. taurus pupal head horns,Indiana University,Chromatin Accessibility of Onthophagus taurus Head Horns,30.26,rep4_M3L,ATAC-seq,GENOMIC,SRX20208345,https://www.ncbi.nlm.nih.gov/sra/SRX20208345[accn]
Onthophagus taurus,O. taurus pupal head horns,Indiana University,Chromatin Accessibility of Onthophagus taurus Head Horns,32.16,rep4_M3H,ATAC-seq,GENOMIC,SRX20208344,https://www.ncbi.nlm.nih.gov/sra/SRX20208344[accn]
Onthophagus taurus,O. taurus pupal head horns,Indiana University,Chromatin Accessibility of Onthophagus taurus Head Horns,39.79,rep4_M2L,ATAC-seq,GENOMIC,SRX20208343,https://www.ncbi.nlm.nih.gov/sra/SRX20208343[accn]
Onthophagus taurus,O. taurus pupal head horns,Indiana University,Chromatin Accessibility of Onthophagus taurus Head Horns,20.13,rep4_M2H,ATAC-seq,GENOMIC,SRX20208342,https://www.ncbi.nlm.nih.gov/sra/SRX20208342[accn]
Onthophagus taurus,O. taurus pupal head horns,Indiana University,Chromatin Accessibility of Onthophagus taurus Head Horns,29.25,rep4_M1L,ATAC-seq,GENOMIC,SRX20208341,https://www.ncbi.nlm.nih.gov/sra/SRX20208341[accn]
Onthophagus taurus,O. taurus pupal head horns,Indiana University,Chromatin Accessibility of Onthophagus taurus Head Horns,48.15,rep4_F5L,ATAC-seq,GENOMIC,SRX20208340,https://www.ncbi.nlm.nih.gov/sra/SRX20208340[accn]
Onthophagus taurus,O. taurus pupal head horns,Indiana University,Chromatin Accessibility of Onthophagus taurus Head Horns,226.88,rep4_F5H,ATAC-seq,GENOMIC,SRX20208339,https://www.ncbi.nlm.nih.gov/sra/SRX20208339[accn]
Onthophagus taurus,O. taurus pupal head horns,Indiana University,Chromatin Accessibility of Onthophagus taurus Head Horns,437.5,rep4_F3L,ATAC-seq,GENOMIC,SRX20208338,https://www.ncbi.nlm.nih.gov/sra/SRX20208338[accn]
Onthophagus taurus,O. taurus pupal head horns,Indiana University,Chromatin Accessibility of Onthophagus taurus Head Horns,1069.47,rep1_F3H,ATAC-seq,GENOMIC,SRX20208337,https://www.ncbi.nlm.nih.gov/sra/SRX20208337[accn]
Onthophagus taurus,O. taurus pupal head horns,Indiana University,Chromatin Accessibility of Onthophagus taurus Head Horns,199.52,rep4_F3H,ATAC-seq,GENOMIC,SRX20208336,https://www.ncbi.nlm.nih.gov/sra/SRX20208336[accn]
Onthophagus taurus,O. taurus pupal head horns,Indiana University,Chromatin Accessibility of Onthophagus taurus Head Horns,29.88,rep4_F2H,ATAC-seq,GENOMIC,SRX20208335,https://www.ncbi.nlm.nih.gov/sra/SRX20208335[accn]
Onthophagus taurus,O. taurus pupal head horns,Indiana University,Chromatin Accessibility of Onthophagus taurus Head Horns,24.6,rep4_F1L,ATAC-seq,GENOMIC,SRX20208334,https://www.ncbi.nlm.nih.gov/sra/SRX20208334[accn]
Onthophagus taurus,O. taurus pupal head horns,Indiana University,Chromatin Accessibility of Onthophagus taurus Head Horns,26.13,rep4_F1H,ATAC-seq,GENOMIC,SRX20208333,https://www.ncbi.nlm.nih.gov/sra/SRX20208333[accn]
Onthophagus taurus,O. taurus pupal head horns,Indiana University,Chromatin Accessibility of Onthophagus taurus Head Horns,87.99,rep2_M5L,ATAC-seq,GENOMIC,SRX20208332,https://www.ncbi.nlm.nih.gov/sra/SRX20208332[accn]
Onthophagus taurus,O. taurus pupal head horns,Indiana University,Chromatin Accessibility of Onthophagus taurus Head Horns,76.16,rep2_M5H,ATAC-seq,GENOMIC,SRX20208331,https://www.ncbi.nlm.nih.gov/sra/SRX20208331[accn]
Onthophagus taurus,O. taurus pupal head horns,Indiana University,Chromatin Accessibility of Onthophagus taurus Head Horns,79.48,rep2_M4L,ATAC-seq,GENOMIC,SRX20208330,https://www.ncbi.nlm.nih.gov/sra/SRX20208330[accn]
Onthophagus taurus,O. taurus pupal head horns,Indiana University,Chromatin Accessibility of Onthophagus taurus Head Horns,84.43,rep2_M4H,ATAC-seq,GENOMIC,SRX20208329,https://www.ncbi.nlm.nih.gov/sra/SRX20208329[accn]
Onthophagus taurus,O. taurus pupal head horns,Indiana University,Chromatin Accessibility of Onthophagus taurus Head Horns,75.95,rep2_M3H,ATAC-seq,GENOMIC,SRX20208328,https://www.ncbi.nlm.nih.gov/sra/SRX20208328[accn]
Onthophagus taurus,O. taurus pupal head horns,Indiana University,Chromatin Accessibility of Onthophagus taurus Head Horns,15.31,rep2_M2L,ATAC-seq,GENOMIC,SRX20208327,https://www.ncbi.nlm.nih.gov/sra/SRX20208327[accn]
Onthophagus taurus,O. taurus pupal head horns,Indiana University,Chromatin Accessibility of Onthophagus taurus Head Horns,162.03,rep1_F2H,ATAC-seq,GENOMIC,SRX20208326,https://www.ncbi.nlm.nih.gov/sra/SRX20208326[accn]
Onthophagus taurus,O. taurus pupal head horns,Indiana University,Chromatin Accessibility of Onthophagus taurus Head Horns,84.54,rep2_M2H,ATAC-seq,GENOMIC,SRX20208325,https://www.ncbi.nlm.nih.gov/sra/SRX20208325[accn]
Onthophagus taurus,O. taurus pupal head horns,Indiana University,Chromatin Accessibility of Onthophagus taurus Head Horns,89,rep2_F2H,ATAC-seq,GENOMIC,SRX20208324,https://www.ncbi.nlm.nih.gov/sra/SRX20208324[accn]
Onthophagus taurus,O. taurus pupal head horns,Indiana University,Chromatin Accessibility of Onthophagus taurus Head Horns,80.8,rep2_F1L,ATAC-seq,GENOMIC,SRX20208323,https://www.ncbi.nlm.nih.gov/sra/SRX20208323[accn]
Onthophagus taurus,O. taurus pupal head horns,Indiana University,Chromatin Accessibility of Onthophagus taurus Head Horns,55.27,rep2_F1H,ATAC-seq,GENOMIC,SRX20208322,https://www.ncbi.nlm.nih.gov/sra/SRX20208322[accn]
Onthophagus taurus,O. taurus pupal head horns,Indiana University,Chromatin Accessibility of Onthophagus taurus Head Horns,154.39,rep1_M5L,ATAC-seq,GENOMIC,SRX20208321,https://www.ncbi.nlm.nih.gov/sra/SRX20208321[accn]
Onthophagus taurus,O. taurus pupal head horns,Indiana University,Chromatin Accessibility of Onthophagus taurus Head Horns,222.65,rep1_M5H,ATAC-seq,GENOMIC,SRX20208320,https://www.ncbi.nlm.nih.gov/sra/SRX20208320[accn]
Onthophagus taurus,O. taurus pupal head horns,Indiana University,Chromatin Accessibility of Onthophagus taurus Head Horns,205.27,rep1_M4L,ATAC-seq,GENOMIC,SRX20208319,https://www.ncbi.nlm.nih.gov/sra/SRX20208319[accn]
Onthophagus taurus,O. taurus pupal head horns,Indiana University,Chromatin Accessibility of Onthophagus taurus Head Horns,215.76,rep1_M4H,ATAC-seq,GENOMIC,SRX20208318,https://www.ncbi.nlm.nih.gov/sra/SRX20208318[accn]
Onthophagus taurus,O. taurus pupal head horns,Indiana University,Chromatin Accessibility of Onthophagus taurus Head Horns,161.89,rep1_M3L,ATAC-seq,GENOMIC,SRX20208317,https://www.ncbi.nlm.nih.gov/sra/SRX20208317[accn]
Onthophagus taurus,O. taurus pupal head horns,Indiana University,Chromatin Accessibility of Onthophagus taurus Head Horns,175.02,rep1_M3H,ATAC-seq,GENOMIC,SRX20208316,https://www.ncbi.nlm.nih.gov/sra/SRX20208316[accn]
Onthophagus taurus,O. taurus pupal head horns,Indiana University,Chromatin Accessibility of Onthophagus taurus Head Horns,141.02,rep1_F1L,ATAC-seq,GENOMIC,SRX20208315,https://www.ncbi.nlm.nih.gov/sra/SRX20208315[accn]
Onthophagus taurus,O. taurus pupal head horns,Indiana University,Chromatin Accessibility of Onthophagus taurus Head Horns,131.35,rep1_F1H,ATAC-seq,GENOMIC,SRX20208314,https://www.ncbi.nlm.nih.gov/sra/SRX20208314[accn]
Onthophagus taurus,WGBS of Onthophagus taurus: head and thorax of adult,DKFZ,Evolutionary patterns of DNA methylation in insects,7350.99,Otau-m01-lib,Bisulfite-Seq,GENOMIC,SRX9582924,https://www.ncbi.nlm.nih.gov/sra/SRX9582924[accn]
Onthophagus taurus,Onthophagus taurus: posterior dorsal head epithelium from high nutrition pupa,Indiana University,Nutrition-responsive horn development in horned beetles,672.7,GSF1556-40-Otau-large_S24_R1_001,RNA-Seq,TRANSCRIPTOMIC,SRX7782572,https://www.ncbi.nlm.nih.gov/sra/SRX7782572[accn]
Onthophagus taurus,Onthophagus taurus: posterior dorsal head epithelium from high nutrition pupa,Indiana University,Nutrition-responsive horn development in horned beetles,664.25,GSF1556-39-Otau-large_S23_R1_001,RNA-Seq,TRANSCRIPTOMIC,SRX7782571,https://www.ncbi.nlm.nih.gov/sra/SRX7782571[accn]
Onthophagus taurus,Onthophagus taurus: posterior dorsal head epithelium from high nutrition pupa,Indiana University,Nutrition-responsive horn development in horned beetles,649.6,GSF1556-36-Otau-large_S22_R1_001,RNA-Seq,TRANSCRIPTOMIC,SRX7782570,https://www.ncbi.nlm.nih.gov/sra/SRX7782570[accn]
Onthophagus taurus,Onthophagus taurus: posterior dorsal head epithelium from high nutrition pupa,Indiana University,Nutrition-responsive horn development in horned beetles,661.46,GSF1556-35-Otau-large_S21_R1_001,RNA-Seq,TRANSCRIPTOMIC,SRX7782569,https://www.ncbi.nlm.nih.gov/sra/SRX7782569[accn]
Onthophagus taurus,Onthophagus taurus: posterior dorsal head epithelium from high nutrition pupa,Indiana University,Nutrition-responsive horn development in horned beetles,716.51,GSF1556-32-Otau-large_S20_R1_001,RNA-Seq,TRANSCRIPTOMIC,SRX7782567,https://www.ncbi.nlm.nih.gov/sra/SRX7782567[accn]
Onthophagus taurus,Onthophagus taurus: posterior dorsal head epithelium from high nutrition pupa,Indiana University,Nutrition-responsive horn development in horned beetles,745.08,GSF1556-31-Otau-large_S19_R1_001,RNA-Seq,TRANSCRIPTOMIC,SRX7782566,https://www.ncbi.nlm.nih.gov/sra/SRX7782566[accn]
Onthophagus taurus,Onthophagus taurus: posterior dorsal head epithelium from low nutrition pupa,Indiana University,Nutrition-responsive horn development in horned beetles,670.91,GSF1556-30-Otau-small_S18_R1_001,RNA-Seq,TRANSCRIPTOMIC,SRX7782565,https://www.ncbi.nlm.nih.gov/sra/SRX7782565[accn]
Onthophagus taurus,Onthophagus taurus: posterior dorsal head epithelium from low nutrition pupa,Indiana University,Nutrition-responsive horn development in horned beetles,589.62,GSF1556-29-Otau-small_S17_R1_001,RNA-Seq,TRANSCRIPTOMIC,SRX7782564,https://www.ncbi.nlm.nih.gov/sra/SRX7782564[accn]
Onthophagus taurus,Onthophagus taurus: posterior dorsal head epithelium from low nutrition pupa,Indiana University,Nutrition-responsive horn development in horned beetles,588.55,GSF1556-27-Otau-small_S16_R1_001,RNA-Seq,TRANSCRIPTOMIC,SRX7782563,https://www.ncbi.nlm.nih.gov/sra/SRX7782563[accn]
Onthophagus taurus,Onthophagus taurus: posterior dorsal head epithelium from low nutrition pupa,Indiana University,Nutrition-responsive horn development in horned beetles,560.38,GSF1556-24-Otau-small_S15_R1_001,RNA-Seq,TRANSCRIPTOMIC,SRX7782562,https://www.ncbi.nlm.nih.gov/sra/SRX7782562[accn]
Onthophagus taurus,Onthophagus taurus: posterior dorsal head epithelium from low nutrition pupa,Indiana University,Nutrition-responsive horn development in horned beetles,502.87,GSF1556-23-Otau-small_S14_R1_001,RNA-Seq,TRANSCRIPTOMIC,SRX7782561,https://www.ncbi.nlm.nih.gov/sra/SRX7782561[accn]
Onthophagus taurus,Onthophagus taurus: posterior dorsal head epithelium from low nutrition pupa,Indiana University,Nutrition-responsive horn development in horned beetles,561.88,GSF1556-21-Otau-small_S13_R1_001,RNA-Seq,TRANSCRIPTOMIC,SRX7782560,https://www.ncbi.nlm.nih.gov/sra/SRX7782560[accn]
Onthophagus taurus,Onthophagus taurus beetle: adult colony female individual 1,University of Vermont,"Signals of selection beyond bottlenecks between exotic populations of the bull-headed beetle, Onthophagus taurus",1303.67,IT_ADC_F1_AGTCAA,RNA-Seq,TRANSCRIPTOMIC,SRX7343637,https://www.ncbi.nlm.nih.gov/sra/SRX7343637[accn]
Onthophagus taurus,Onthophagus taurus beetle: adult colony female individual 15,University of Vermont,"Signals of selection beyond bottlenecks between exotic populations of the bull-headed beetle, Onthophagus taurus",1106.26,IT_ADC_F15_ATGTC,RNA-Seq,TRANSCRIPTOMIC,SRX7343636,https://www.ncbi.nlm.nih.gov/sra/SRX7343636[accn]
Onthophagus taurus,Onthophagus taurus beetle: pre-pupa day 1 male individual 3,University of Vermont,"Signals of selection beyond bottlenecks between exotic populations of the bull-headed beetle, Onthophagus taurus",1560.57,WA_PP1_M3_GTGAAA,RNA-Seq,TRANSCRIPTOMIC,SRX7343635,https://www.ncbi.nlm.nih.gov/sra/SRX7343635[accn]
Onthophagus taurus,Onthophagus taurus beetle: pre-pupa day 1 male individual 2,University of Vermont,"Signals of selection beyond bottlenecks between exotic populations of the bull-headed beetle, Onthophagus taurus",1990.1,WA_PP1_M2_GTCCGC,RNA-Seq,TRANSCRIPTOMIC,SRX7343634,https://www.ncbi.nlm.nih.gov/sra/SRX7343634[accn]
Onthophagus taurus,Onthophagus taurus beetle: adult colony female individual 14,University of Vermont,"Signals of selection beyond bottlenecks between exotic populations of the bull-headed beetle, Onthophagus taurus",2828.85,IT_ADC_F14_AGTTC,RNA-Seq,TRANSCRIPTOMIC,SRX7343633,https://www.ncbi.nlm.nih.gov/sra/SRX7343633[accn]
Onthophagus taurus,Onthophagus taurus beetle: pre-pupa day 1 male individual 1,University of Vermont,"Signals of selection beyond bottlenecks between exotic populations of the bull-headed beetle, Onthophagus taurus",2218.4,WA_PP1_M1_CCGTCC,RNA-Seq,TRANSCRIPTOMIC,SRX7343632,https://www.ncbi.nlm.nih.gov/sra/SRX7343632[accn]
Onthophagus taurus,Onthophagus taurus beetle: pre-pupa day 1 female individual 3,University of Vermont,"Signals of selection beyond bottlenecks between exotic populations of the bull-headed beetle, Onthophagus taurus",1647.36,WA_PP1_F3_ATGTCA,RNA-Seq,TRANSCRIPTOMIC,SRX7343631,https://www.ncbi.nlm.nih.gov/sra/SRX7343631[accn]
Onthophagus taurus,Onthophagus taurus beetle: pre-pupa day 1 female individual 2,University of Vermont,"Signals of selection beyond bottlenecks between exotic populations of the bull-headed beetle, Onthophagus taurus",2287.28,WA_PP1_F2_AGTTCC,RNA-Seq,TRANSCRIPTOMIC,SRX7343630,https://www.ncbi.nlm.nih.gov/sra/SRX7343630[accn]
Onthophagus taurus,Onthophagus taurus beetle: pre-pupa day 1 female individual 1,University of Vermont,"Signals of selection beyond bottlenecks between exotic populations of the bull-headed beetle, Onthophagus taurus",783.62,WA_PP1_F1_AGTCAA,RNA-Seq,TRANSCRIPTOMIC,SRX7343629,https://www.ncbi.nlm.nih.gov/sra/SRX7343629[accn]
Onthophagus taurus,Onthophagus taurus beetle: pupa day 1 male individual 3,University of Vermont,"Signals of selection beyond bottlenecks between exotic populations of the bull-headed beetle, Onthophagus taurus",910.18,WA_PD1_M3_CTTGTA,RNA-Seq,TRANSCRIPTOMIC,SRX7343628,https://www.ncbi.nlm.nih.gov/sra/SRX7343628[accn]
Onthophagus taurus,Onthophagus taurus beetle: pupa day 1 male individual 2,University of Vermont,"Signals of selection beyond bottlenecks between exotic populations of the bull-headed beetle, Onthophagus taurus",916.55,WA_PD1_M2_CAGATC,RNA-Seq,TRANSCRIPTOMIC,SRX7343627,https://www.ncbi.nlm.nih.gov/sra/SRX7343627[accn]
Onthophagus taurus,Onthophagus taurus beetle: pupa day 1 male individual 1,University of Vermont,"Signals of selection beyond bottlenecks between exotic populations of the bull-headed beetle, Onthophagus taurus",1501.58,WA_PD1_M1_GCCAAT,RNA-Seq,TRANSCRIPTOMIC,SRX7343626,https://www.ncbi.nlm.nih.gov/sra/SRX7343626[accn]
Onthophagus taurus,Onthophagus taurus beetle: pupa day 1 female individual 3,University of Vermont,"Signals of selection beyond bottlenecks between exotic populations of the bull-headed beetle, Onthophagus taurus",1262.62,WA_PD1_F3_ACAGTG,RNA-Seq,TRANSCRIPTOMIC,SRX7343625,https://www.ncbi.nlm.nih.gov/sra/SRX7343625[accn]
Onthophagus taurus,Onthophagus taurus beetle: pupa day 1 female individual 2,University of Vermont,"Signals of selection beyond bottlenecks between exotic populations of the bull-headed beetle, Onthophagus taurus",1730.51,WA_PD1_F2_TGACCA,RNA-Seq,TRANSCRIPTOMIC,SRX7343624,https://www.ncbi.nlm.nih.gov/sra/SRX7343624[accn]
Onthophagus taurus,Onthophagus taurus beetle: pupa day 1 female individual 1,University of Vermont,"Signals of selection beyond bottlenecks between exotic populations of the bull-headed beetle, Onthophagus taurus",1252.96,WA_PD1_F1_CGATGT,RNA-Seq,TRANSCRIPTOMIC,SRX7343623,https://www.ncbi.nlm.nih.gov/sra/SRX7343623[accn]
Onthophagus taurus,Onthophagus taurus beetle: adult colony female individual 13,University of Vermont,"Signals of selection beyond bottlenecks between exotic populations of the bull-headed beetle, Onthophagus taurus",927.56,IT_ADC_F13_AGTCA,RNA-Seq,TRANSCRIPTOMIC,SRX7343622,https://www.ncbi.nlm.nih.gov/sra/SRX7343622[accn]
Onthophagus taurus,Onthophagus taurus beetle: late 3rd larval instar male individual 3,University of Vermont,"Signals of selection beyond bottlenecks between exotic populations of the bull-headed beetle, Onthophagus taurus",944.45,WA_L3L_M3_CTTGTA,RNA-Seq,TRANSCRIPTOMIC,SRX7343621,https://www.ncbi.nlm.nih.gov/sra/SRX7343621[accn]
Onthophagus taurus,Onthophagus taurus beetle: late 3rd larval instar male individual 2,University of Vermont,"Signals of selection beyond bottlenecks between exotic populations of the bull-headed beetle, Onthophagus taurus",921.84,WA_L3L_M2_CAGATC,RNA-Seq,TRANSCRIPTOMIC,SRX7343620,https://www.ncbi.nlm.nih.gov/sra/SRX7343620[accn]
Onthophagus taurus,Onthophagus taurus beetle: late 3rd larval instar male individual 1,University of Vermont,"Signals of selection beyond bottlenecks between exotic populations of the bull-headed beetle, Onthophagus taurus",1150.51,WA_L3L_M1_GCCAAT,RNA-Seq,TRANSCRIPTOMIC,SRX7343619,https://www.ncbi.nlm.nih.gov/sra/SRX7343619[accn]
Onthophagus taurus,Onthophagus taurus beetle: late 3rd larval instar female individual 3,University of Vermont,"Signals of selection beyond bottlenecks between exotic populations of the bull-headed beetle, Onthophagus taurus",641.62,WA_L3L_F3_ACAGTG,RNA-Seq,TRANSCRIPTOMIC,SRX7343618,https://www.ncbi.nlm.nih.gov/sra/SRX7343618[accn]
Onthophagus taurus,Onthophagus taurus beetle: late 3rd larval instar female individual 2,University of Vermont,"Signals of selection beyond bottlenecks between exotic populations of the bull-headed beetle, Onthophagus taurus",570.16,WA_L3L_F2_TGACCA,RNA-Seq,TRANSCRIPTOMIC,SRX7343617,https://www.ncbi.nlm.nih.gov/sra/SRX7343617[accn]
Onthophagus taurus,Onthophagus taurus beetle: late 3rd larval instar female individual 1,University of Vermont,"Signals of selection beyond bottlenecks between exotic populations of the bull-headed beetle, Onthophagus taurus",1257.21,WA_L3L_F1_CGATGT,RNA-Seq,TRANSCRIPTOMIC,SRX7343616,https://www.ncbi.nlm.nih.gov/sra/SRX7343616[accn]
Onthophagus taurus,Onthophagus taurus beetle: adult day 4 male individual 3,University of Vermont,"Signals of selection beyond bottlenecks between exotic populations of the bull-headed beetle, Onthophagus taurus",1274.39,WA_AD4_M3_GTGAAA,RNA-Seq,TRANSCRIPTOMIC,SRX7343615,https://www.ncbi.nlm.nih.gov/sra/SRX7343615[accn]
Onthophagus taurus,Onthophagus taurus beetle: adult day 4 male individual 2,University of Vermont,"Signals of selection beyond bottlenecks between exotic populations of the bull-headed beetle, Onthophagus taurus",824.96,WA_AD4_M2_GTCCGC,RNA-Seq,TRANSCRIPTOMIC,SRX7343614,https://www.ncbi.nlm.nih.gov/sra/SRX7343614[accn]
Onthophagus taurus,Onthophagus taurus beetle: adult day 4 male individual 1,University of Vermont,"Signals of selection beyond bottlenecks between exotic populations of the bull-headed beetle, Onthophagus taurus",1016.29,WA_AD4_M1_CCGTCC,RNA-Seq,TRANSCRIPTOMIC,SRX7343613,https://www.ncbi.nlm.nih.gov/sra/SRX7343613[accn]
Onthophagus taurus,Onthophagus taurus beetle: adult day 4 female individual 3,University of Vermont,"Signals of selection beyond bottlenecks between exotic populations of the bull-headed beetle, Onthophagus taurus",1696.36,WA_AD4_F3_ATGTCA,RNA-Seq,TRANSCRIPTOMIC,SRX7343612,https://www.ncbi.nlm.nih.gov/sra/SRX7343612[accn]
Onthophagus taurus,Onthophagus taurus beetle: adult day 4 male individual 3,University of Vermont,"Signals of selection beyond bottlenecks between exotic populations of the bull-headed beetle, Onthophagus taurus",1554.57,IT_AD4_M3_CTTGTA,RNA-Seq,TRANSCRIPTOMIC,SRX7343611,https://www.ncbi.nlm.nih.gov/sra/SRX7343611[accn]
Onthophagus taurus,Onthophagus taurus beetle: adult day 4 female individual 2,University of Vermont,"Signals of selection beyond bottlenecks between exotic populations of the bull-headed beetle, Onthophagus taurus",907.11,WA_AD4_F2_AGTTCC,RNA-Seq,TRANSCRIPTOMIC,SRX7343610,https://www.ncbi.nlm.nih.gov/sra/SRX7343610[accn]
Onthophagus taurus,Onthophagus taurus beetle: adult day 4 female individual 1,University of Vermont,"Signals of selection beyond bottlenecks between exotic populations of the bull-headed beetle, Onthophagus taurus",1408.58,WA_AD4_F1_AGTCAA,RNA-Seq,TRANSCRIPTOMIC,SRX7343609,https://www.ncbi.nlm.nih.gov/sra/SRX7343609[accn]
Onthophagus taurus,Onthophagus taurus beetle: pre-pupa day 1 male individual 3,University of Vermont,"Signals of selection beyond bottlenecks between exotic populations of the bull-headed beetle, Onthophagus taurus",868.85,NC_PP1_M3_GTGAAA,RNA-Seq,TRANSCRIPTOMIC,SRX7343608,https://www.ncbi.nlm.nih.gov/sra/SRX7343608[accn]
Onthophagus taurus,Onthophagus taurus beetle: pre-pupa day 1 male individual 2,University of Vermont,"Signals of selection beyond bottlenecks between exotic populations of the bull-headed beetle, Onthophagus taurus",1036.63,NC_PP1_M2_GTCCGC,RNA-Seq,TRANSCRIPTOMIC,SRX7343607,https://www.ncbi.nlm.nih.gov/sra/SRX7343607[accn]
Onthophagus taurus,Onthophagus taurus beetle: pre-pupa day 1 male individual 1,University of Vermont,"Signals of selection beyond bottlenecks between exotic populations of the bull-headed beetle, Onthophagus taurus",869.87,NC_PP1_M1_CCGTCC,RNA-Seq,TRANSCRIPTOMIC,SRX7343606,https://www.ncbi.nlm.nih.gov/sra/SRX7343606[accn]
Onthophagus taurus,Onthophagus taurus beetle: pre-pupa day 1 female individual 3,University of Vermont,"Signals of selection beyond bottlenecks between exotic populations of the bull-headed beetle, Onthophagus taurus",1068.3,NC_PP1_F3_ATGTCA,RNA-Seq,TRANSCRIPTOMIC,SRX7343605,https://www.ncbi.nlm.nih.gov/sra/SRX7343605[accn]
Onthophagus taurus,Onthophagus taurus beetle: pre-pupa day 1 female individual 2,University of Vermont,"Signals of selection beyond bottlenecks between exotic populations of the bull-headed beetle, Onthophagus taurus",1358.83,NC_PP1_F2_AGTTCC,RNA-Seq,TRANSCRIPTOMIC,SRX7343604,https://www.ncbi.nlm.nih.gov/sra/SRX7343604[accn]
Onthophagus taurus,Onthophagus taurus beetle: pre-pupa day 1 female individual 1,University of Vermont,"Signals of selection beyond bottlenecks between exotic populations of the bull-headed beetle, Onthophagus taurus",1602.84,NC_PP1_F1_AGTCAA,RNA-Seq,TRANSCRIPTOMIC,SRX7343603,https://www.ncbi.nlm.nih.gov/sra/SRX7343603[accn]
Onthophagus taurus,Onthophagus taurus beetle: pupa day 1 male individual 3,University of Vermont,"Signals of selection beyond bottlenecks between exotic populations of the bull-headed beetle, Onthophagus taurus",1718.83,NC_PD1_M3_CTTGTA,RNA-Seq,TRANSCRIPTOMIC,SRX7343602,https://www.ncbi.nlm.nih.gov/sra/SRX7343602[accn]
Onthophagus taurus,Onthophagus taurus beetle: pupa day 1 male individual 2,University of Vermont,"Signals of selection beyond bottlenecks between exotic populations of the bull-headed beetle, Onthophagus taurus",1253.89,NC_PD1_M2_CAGATC,RNA-Seq,TRANSCRIPTOMIC,SRX7343601,https://www.ncbi.nlm.nih.gov/sra/SRX7343601[accn]
Onthophagus taurus,Onthophagus taurus beetle: adult day 4 male individual 2,University of Vermont,"Signals of selection beyond bottlenecks between exotic populations of the bull-headed beetle, Onthophagus taurus",1596.34,IT_AD4_M2_CAGATC,RNA-Seq,TRANSCRIPTOMIC,SRX7343600,https://www.ncbi.nlm.nih.gov/sra/SRX7343600[accn]
Onthophagus taurus,Onthophagus taurus beetle: pupa day 1 male individual 1,University of Vermont,"Signals of selection beyond bottlenecks between exotic populations of the bull-headed beetle, Onthophagus taurus",863.02,NC_PD1_M1_GCCAAT,RNA-Seq,TRANSCRIPTOMIC,SRX7343599,https://www.ncbi.nlm.nih.gov/sra/SRX7343599[accn]
Onthophagus taurus,Onthophagus taurus beetle: pupa day 1 female individual 3,University of Vermont,"Signals of selection beyond bottlenecks between exotic populations of the bull-headed beetle, Onthophagus taurus",1070.11,NC_PD1_F3_ACAGTG,RNA-Seq,TRANSCRIPTOMIC,SRX7343598,https://www.ncbi.nlm.nih.gov/sra/SRX7343598[accn]
Onthophagus taurus,Onthophagus taurus beetle: pupa day 1 female individual 2,University of Vermont,"Signals of selection beyond bottlenecks between exotic populations of the bull-headed beetle, Onthophagus taurus",1566.14,NC_PD1_F2_TGACCA,RNA-Seq,TRANSCRIPTOMIC,SRX7343597,https://www.ncbi.nlm.nih.gov/sra/SRX7343597[accn]
Onthophagus taurus,Onthophagus taurus beetle: pupa day 1 female individual 1,University of Vermont,"Signals of selection beyond bottlenecks between exotic populations of the bull-headed beetle, Onthophagus taurus",1191.83,NC_PD1_F1_CGATGT,RNA-Seq,TRANSCRIPTOMIC,SRX7343596,https://www.ncbi.nlm.nih.gov/sra/SRX7343596[accn]
Onthophagus taurus,Onthophagus taurus beetle: late 3rd larval instar male individual 3,University of Vermont,"Signals of selection beyond bottlenecks between exotic populations of the bull-headed beetle, Onthophagus taurus",1484.68,NC_L3L_M3_CTTGTA,RNA-Seq,TRANSCRIPTOMIC,SRX7343595,https://www.ncbi.nlm.nih.gov/sra/SRX7343595[accn]
Onthophagus taurus,Onthophagus taurus beetle: late 3rd larval instar male individual 2,University of Vermont,"Signals of selection beyond bottlenecks between exotic populations of the bull-headed beetle, Onthophagus taurus",1545.73,NC_L3L_M2_CAGATC,RNA-Seq,TRANSCRIPTOMIC,SRX7343594,https://www.ncbi.nlm.nih.gov/sra/SRX7343594[accn]
Onthophagus taurus,Onthophagus taurus beetle: late 3rd larval instar male individual 1,University of Vermont,"Signals of selection beyond bottlenecks between exotic populations of the bull-headed beetle, Onthophagus taurus",1208.82,NC_L3L_M1_GCCAAT,RNA-Seq,TRANSCRIPTOMIC,SRX7343593,https://www.ncbi.nlm.nih.gov/sra/SRX7343593[accn]
Onthophagus taurus,Onthophagus taurus beetle: late 3rd larval instar female individual 3,University of Vermont,"Signals of selection beyond bottlenecks between exotic populations of the bull-headed beetle, Onthophagus taurus",1053.67,NC_L3L_F3_ACAGTG,RNA-Seq,TRANSCRIPTOMIC,SRX7343592,https://www.ncbi.nlm.nih.gov/sra/SRX7343592[accn]
Onthophagus taurus,Onthophagus taurus beetle: late 3rd larval instar female individual 2,University of Vermont,"Signals of selection beyond bottlenecks between exotic populations of the bull-headed beetle, Onthophagus taurus",1085.85,NC_L3L_F2_TGACCA,RNA-Seq,TRANSCRIPTOMIC,SRX7343591,https://www.ncbi.nlm.nih.gov/sra/SRX7343591[accn]
Onthophagus taurus,Onthophagus taurus beetle: late 3rd larval instar female individual 1,University of Vermont,"Signals of selection beyond bottlenecks between exotic populations of the bull-headed beetle, Onthophagus taurus",1092.82,NC_L3L_F1_CGATGT,RNA-Seq,TRANSCRIPTOMIC,SRX7343590,https://www.ncbi.nlm.nih.gov/sra/SRX7343590[accn]
Onthophagus taurus,Onthophagus taurus beetle: adult day 4 male individual 1,University of Vermont,"Signals of selection beyond bottlenecks between exotic populations of the bull-headed beetle, Onthophagus taurus",612.55,IT_AD4_M1_GCCAAT,RNA-Seq,TRANSCRIPTOMIC,SRX7343589,https://www.ncbi.nlm.nih.gov/sra/SRX7343589[accn]
Onthophagus taurus,Onthophagus taurus beetle: adult day 4 male individual 3,University of Vermont,"Signals of selection beyond bottlenecks between exotic populations of the bull-headed beetle, Onthophagus taurus",1050.24,NC_AD4_M3_GTGAAA,RNA-Seq,TRANSCRIPTOMIC,SRX7343588,https://www.ncbi.nlm.nih.gov/sra/SRX7343588[accn]
Onthophagus taurus,Onthophagus taurus beetle: adult day 4 male individual 2,University of Vermont,"Signals of selection beyond bottlenecks between exotic populations of the bull-headed beetle, Onthophagus taurus",1145.06,NC_AD4_M2_GTCCGC,RNA-Seq,TRANSCRIPTOMIC,SRX7343587,https://www.ncbi.nlm.nih.gov/sra/SRX7343587[accn]
Onthophagus taurus,Onthophagus taurus beetle: adult day 4 male individual 1,University of Vermont,"Signals of selection beyond bottlenecks between exotic populations of the bull-headed beetle, Onthophagus taurus",1105.89,NC_AD4_M1_CCGTCC,RNA-Seq,TRANSCRIPTOMIC,SRX7343586,https://www.ncbi.nlm.nih.gov/sra/SRX7343586[accn]
Onthophagus taurus,Onthophagus taurus beetle: adult day 4 female individual 3,University of Vermont,"Signals of selection beyond bottlenecks between exotic populations of the bull-headed beetle, Onthophagus taurus",903.98,NC_AD4_F3_ATGTCA,RNA-Seq,TRANSCRIPTOMIC,SRX7343585,https://www.ncbi.nlm.nih.gov/sra/SRX7343585[accn]
Onthophagus taurus,Onthophagus taurus beetle: adult day 4 female individual 2,University of Vermont,"Signals of selection beyond bottlenecks between exotic populations of the bull-headed beetle, Onthophagus taurus",1708.21,NC_AD4_F2_AGTTCC,RNA-Seq,TRANSCRIPTOMIC,SRX7343584,https://www.ncbi.nlm.nih.gov/sra/SRX7343584[accn]
Onthophagus taurus,Onthophagus taurus beetle: adult day 4 female individual 1,University of Vermont,"Signals of selection beyond bottlenecks between exotic populations of the bull-headed beetle, Onthophagus taurus",1214.36,NC_AD4_F1_AGTCAA,RNA-Seq,TRANSCRIPTOMIC,SRX7343583,https://www.ncbi.nlm.nih.gov/sra/SRX7343583[accn]
Onthophagus taurus,Onthophagus taurus beetle: adult colony male individual 9,University of Vermont,"Signals of selection beyond bottlenecks between exotic populations of the bull-headed beetle, Onthophagus taurus",1582.52,IT_ADC_M9_ACAGTG,RNA-Seq,TRANSCRIPTOMIC,SRX7343582,https://www.ncbi.nlm.nih.gov/sra/SRX7343582[accn]
Onthophagus taurus,Onthophagus taurus beetle: adult colony male individual 8,University of Vermont,"Signals of selection beyond bottlenecks between exotic populations of the bull-headed beetle, Onthophagus taurus",1519.49,IT_ADC_M8_TGACCA,RNA-Seq,TRANSCRIPTOMIC,SRX7343581,https://www.ncbi.nlm.nih.gov/sra/SRX7343581[accn]
Onthophagus taurus,Onthophagus taurus beetle: adult colony male individual 7,University of Vermont,"Signals of selection beyond bottlenecks between exotic populations of the bull-headed beetle, Onthophagus taurus",1103.07,IT_ADC_M7_CGATGT,RNA-Seq,TRANSCRIPTOMIC,SRX7343580,https://www.ncbi.nlm.nih.gov/sra/SRX7343580[accn]
Onthophagus taurus,Onthophagus taurus beetle: adult colony male individual 18,University of Vermont,"Signals of selection beyond bottlenecks between exotic populations of the bull-headed beetle, Onthophagus taurus",875.63,IT_ADC_M18_GTGAA,RNA-Seq,TRANSCRIPTOMIC,SRX7343579,https://www.ncbi.nlm.nih.gov/sra/SRX7343579[accn]
Onthophagus taurus,Onthophagus taurus beetle: adult day 4 female individual 3,University of Vermont,"Signals of selection beyond bottlenecks between exotic populations of the bull-headed beetle, Onthophagus taurus",1563.68,IT_AD4_F3_ACAGTG,RNA-Seq,TRANSCRIPTOMIC,SRX7343578,https://www.ncbi.nlm.nih.gov/sra/SRX7343578[accn]
Onthophagus taurus,Onthophagus taurus beetle: adult colony male individual 17,University of Vermont,"Signals of selection beyond bottlenecks between exotic populations of the bull-headed beetle, Onthophagus taurus",836.4,IT_ADC_M17_GTCCG,RNA-Seq,TRANSCRIPTOMIC,SRX7343577,https://www.ncbi.nlm.nih.gov/sra/SRX7343577[accn]
Onthophagus taurus,Onthophagus taurus beetle: adult colony male individual 16,University of Vermont,"Signals of selection beyond bottlenecks between exotic populations of the bull-headed beetle, Onthophagus taurus",888.58,IT_ADC_M16_CCGTC,RNA-Seq,TRANSCRIPTOMIC,SRX7343576,https://www.ncbi.nlm.nih.gov/sra/SRX7343576[accn]
Onthophagus taurus,Onthophagus taurus beetle: adult colony male individual 12,University of Vermont,"Signals of selection beyond bottlenecks between exotic populations of the bull-headed beetle, Onthophagus taurus",1787.75,IT_ADC_M12_CTTGT,RNA-Seq,TRANSCRIPTOMIC,SRX7343575,https://www.ncbi.nlm.nih.gov/sra/SRX7343575[accn]
Onthophagus taurus,Onthophagus taurus beetle: adult colony male individual 11,University of Vermont,"Signals of selection beyond bottlenecks between exotic populations of the bull-headed beetle, Onthophagus taurus",1497.91,IT_ADC_M11_CAGAT,RNA-Seq,TRANSCRIPTOMIC,SRX7343574,https://www.ncbi.nlm.nih.gov/sra/SRX7343574[accn]
Onthophagus taurus,Onthophagus taurus beetle: adult colony male individual 10,University of Vermont,"Signals of selection beyond bottlenecks between exotic populations of the bull-headed beetle, Onthophagus taurus",1679.11,IT_ADC_M10_GCCAA,RNA-Seq,TRANSCRIPTOMIC,SRX7343573,https://www.ncbi.nlm.nih.gov/sra/SRX7343573[accn]
Onthophagus taurus,Onthophagus taurus beetle: adult colony female individual 6,University of Vermont,"Signals of selection beyond bottlenecks between exotic populations of the bull-headed beetle, Onthophagus taurus",706.95,IT_ADC_F6_GTGAAA,RNA-Seq,TRANSCRIPTOMIC,SRX7343572,https://www.ncbi.nlm.nih.gov/sra/SRX7343572[accn]
Onthophagus taurus,Onthophagus taurus beetle: adult colony female individual 5,University of Vermont,"Signals of selection beyond bottlenecks between exotic populations of the bull-headed beetle, Onthophagus taurus",1087.57,IT_ADC_F5_GTCCGC,RNA-Seq,TRANSCRIPTOMIC,SRX7343571,https://www.ncbi.nlm.nih.gov/sra/SRX7343571[accn]
Onthophagus taurus,Onthophagus taurus beetle: adult colony female individual 4,University of Vermont,"Signals of selection beyond bottlenecks between exotic populations of the bull-headed beetle, Onthophagus taurus",2006.31,IT_ADC_F4_CCGTCC,RNA-Seq,TRANSCRIPTOMIC,SRX7343570,https://www.ncbi.nlm.nih.gov/sra/SRX7343570[accn]
Onthophagus taurus,Onthophagus taurus beetle: adult colony female individual 3,University of Vermont,"Signals of selection beyond bottlenecks between exotic populations of the bull-headed beetle, Onthophagus taurus",1460.38,IT_ADC_F3_ATGTCA,RNA-Seq,TRANSCRIPTOMIC,SRX7343569,https://www.ncbi.nlm.nih.gov/sra/SRX7343569[accn]
Onthophagus taurus,Onthophagus taurus beetle: adult colony female individual 2,University of Vermont,"Signals of selection beyond bottlenecks between exotic populations of the bull-headed beetle, Onthophagus taurus",1458.42,IT_ADC_F2_AGTTCC,RNA-Seq,TRANSCRIPTOMIC,SRX7343568,https://www.ncbi.nlm.nih.gov/sra/SRX7343568[accn]
Onthophagus taurus,Onthophagus taurus beetle: adult day 4 female individual 2,University of Vermont,"Signals of selection beyond bottlenecks between exotic populations of the bull-headed beetle, Onthophagus taurus",1042.68,IT_AD4_F2_TGACCA,RNA-Seq,TRANSCRIPTOMIC,SRX7343567,https://www.ncbi.nlm.nih.gov/sra/SRX7343567[accn]
Onthophagus taurus,Onthophagus taurus beetle: adult day 4 female individual 1,University of Vermont,"Signals of selection beyond bottlenecks between exotic populations of the bull-headed beetle, Onthophagus taurus",1285.46,IT_AD4_F1_CGATGT,RNA-Seq,TRANSCRIPTOMIC,SRX7343566,https://www.ncbi.nlm.nih.gov/sra/SRX7343566[accn]
Onthophagus taurus,Male Second Thoracic Segment Wing Right 6,Indiana University,Beetle horns evolved from wing serial homologs,480.58,,RNA-Seq,TRANSCRIPTOMIC,SRX6850787,https://www.ncbi.nlm.nih.gov/sra/SRX6850787[accn]
Onthophagus taurus,Male Second Thoracic Segment Wing Left 6,Indiana University,Beetle horns evolved from wing serial homologs,582.32,,RNA-Seq,TRANSCRIPTOMIC,SRX6850786,https://www.ncbi.nlm.nih.gov/sra/SRX6850786[accn]
Onthophagus taurus,Male First Thoracic Segment Posterior Margin 6,Indiana University,Beetle horns evolved from wing serial homologs,597.15,,RNA-Seq,TRANSCRIPTOMIC,SRX6850785,https://www.ncbi.nlm.nih.gov/sra/SRX6850785[accn]
Onthophagus taurus,Male First Thoracic Segment Horn 6,Indiana University,Beetle horns evolved from wing serial homologs,472.56,,RNA-Seq,TRANSCRIPTOMIC,SRX6850784,https://www.ncbi.nlm.nih.gov/sra/SRX6850784[accn]
Onthophagus taurus,Male First Thoracic Segment Dorsal 6,Indiana University,Beetle horns evolved from wing serial homologs,588.36,,RNA-Seq,TRANSCRIPTOMIC,SRX6850783,https://www.ncbi.nlm.nih.gov/sra/SRX6850783[accn]
Onthophagus taurus,Male First Thoracic Segment Carinated Margin Right 6,Indiana University,Beetle horns evolved from wing serial homologs,389.09,,RNA-Seq,TRANSCRIPTOMIC,SRX6850782,https://www.ncbi.nlm.nih.gov/sra/SRX6850782[accn]
Onthophagus taurus,Male First Thoracic Segment Carinated Margin Left 6,Indiana University,Beetle horns evolved from wing serial homologs,551.8,,RNA-Seq,TRANSCRIPTOMIC,SRX6850781,https://www.ncbi.nlm.nih.gov/sra/SRX6850781[accn]
Onthophagus taurus,Male First Thoracic Segment Anterior Margin 6,Indiana University,Beetle horns evolved from wing serial homologs,617.43,,RNA-Seq,TRANSCRIPTOMIC,SRX6850780,https://www.ncbi.nlm.nih.gov/sra/SRX6850780[accn]
Onthophagus taurus,Male Abdominal Pupal Support Structures 6,Indiana University,Beetle horns evolved from wing serial homologs,635.1,,RNA-Seq,TRANSCRIPTOMIC,SRX6850779,https://www.ncbi.nlm.nih.gov/sra/SRX6850779[accn]
Onthophagus taurus,Male Dorsal Head 6,Indiana University,Beetle horns evolved from wing serial homologs,2596.92,,RNA-Seq,TRANSCRIPTOMIC,SRX6850778,https://www.ncbi.nlm.nih.gov/sra/SRX6850778[accn]
Onthophagus taurus,Male Second Thoracic Segment Wing Right 5,Indiana University,Beetle horns evolved from wing serial homologs,509.79,,RNA-Seq,TRANSCRIPTOMIC,SRX6850777,https://www.ncbi.nlm.nih.gov/sra/SRX6850777[accn]
Onthophagus taurus,Male Second Thoracic Segment Wing Left 5,Indiana University,Beetle horns evolved from wing serial homologs,394.07,,RNA-Seq,TRANSCRIPTOMIC,SRX6850776,https://www.ncbi.nlm.nih.gov/sra/SRX6850776[accn]
Onthophagus taurus,Male First Thoracic Segment Posterior Margin 5,Indiana University,Beetle horns evolved from wing serial homologs,456.02,,RNA-Seq,TRANSCRIPTOMIC,SRX6850775,https://www.ncbi.nlm.nih.gov/sra/SRX6850775[accn]
Onthophagus taurus,Male First Thoracic Segment Horn 5,Indiana University,Beetle horns evolved from wing serial homologs,515.97,,RNA-Seq,TRANSCRIPTOMIC,SRX6850774,https://www.ncbi.nlm.nih.gov/sra/SRX6850774[accn]
Onthophagus taurus,Male First Thoracic Segment Dorsal 5,Indiana University,Beetle horns evolved from wing serial homologs,527.56,,RNA-Seq,TRANSCRIPTOMIC,SRX6850773,https://www.ncbi.nlm.nih.gov/sra/SRX6850773[accn]
Onthophagus taurus,Male First Thoracic Segment Carinated Margin Right 5,Indiana University,Beetle horns evolved from wing serial homologs,546.23,,RNA-Seq,TRANSCRIPTOMIC,SRX6850772,https://www.ncbi.nlm.nih.gov/sra/SRX6850772[accn]
Onthophagus taurus,Male First Thoracic Segment Carinated Margin Left 5,Indiana University,Beetle horns evolved from wing serial homologs,545.3,,RNA-Seq,TRANSCRIPTOMIC,SRX6850771,https://www.ncbi.nlm.nih.gov/sra/SRX6850771[accn]
Onthophagus taurus,Male First Thoracic Segment Anterior Margin 5,Indiana University,Beetle horns evolved from wing serial homologs,541.02,,RNA-Seq,TRANSCRIPTOMIC,SRX6850770,https://www.ncbi.nlm.nih.gov/sra/SRX6850770[accn]
Onthophagus taurus,Male Abdominal Pupal Support Structures 5,Indiana University,Beetle horns evolved from wing serial homologs,461.81,,RNA-Seq,TRANSCRIPTOMIC,SRX6850769,https://www.ncbi.nlm.nih.gov/sra/SRX6850769[accn]
Onthophagus taurus,Male Dorsal Head 5,Indiana University,Beetle horns evolved from wing serial homologs,2655.58,,RNA-Seq,TRANSCRIPTOMIC,SRX6850768,https://www.ncbi.nlm.nih.gov/sra/SRX6850768[accn]
Onthophagus taurus,Male Second Thoracic Segment Wing Right 4,Indiana University,Beetle horns evolved from wing serial homologs,540.53,,RNA-Seq,TRANSCRIPTOMIC,SRX6850767,https://www.ncbi.nlm.nih.gov/sra/SRX6850767[accn]
Onthophagus taurus,Male Second Thoracic Segment Wing Left 4,Indiana University,Beetle horns evolved from wing serial homologs,573.72,,RNA-Seq,TRANSCRIPTOMIC,SRX6850766,https://www.ncbi.nlm.nih.gov/sra/SRX6850766[accn]
Onthophagus taurus,Male First Thoracic Segment Posterior Margin 4,Indiana University,Beetle horns evolved from wing serial homologs,536.37,,RNA-Seq,TRANSCRIPTOMIC,SRX6850765,https://www.ncbi.nlm.nih.gov/sra/SRX6850765[accn]
Onthophagus taurus,Male First Thoracic Segment Horn 4,Indiana University,Beetle horns evolved from wing serial homologs,513.23,,RNA-Seq,TRANSCRIPTOMIC,SRX6850764,https://www.ncbi.nlm.nih.gov/sra/SRX6850764[accn]
Onthophagus taurus,Male First Thoracic Segment Dorsal 4,Indiana University,Beetle horns evolved from wing serial homologs,506.59,,RNA-Seq,TRANSCRIPTOMIC,SRX6850763,https://www.ncbi.nlm.nih.gov/sra/SRX6850763[accn]
Onthophagus taurus,Male First Thoracic Segment Carinated Margin Right 4,Indiana University,Beetle horns evolved from wing serial homologs,489.75,,RNA-Seq,TRANSCRIPTOMIC,SRX6850762,https://www.ncbi.nlm.nih.gov/sra/SRX6850762[accn]
Onthophagus taurus,Male First Thoracic Segment Carinated Margin Left 4,Indiana University,Beetle horns evolved from wing serial homologs,555.12,,RNA-Seq,TRANSCRIPTOMIC,SRX6850761,https://www.ncbi.nlm.nih.gov/sra/SRX6850761[accn]
Onthophagus taurus,Male First Thoracic Segment Anterior Margin 4,Indiana University,Beetle horns evolved from wing serial homologs,508.93,,RNA-Seq,TRANSCRIPTOMIC,SRX6850760,https://www.ncbi.nlm.nih.gov/sra/SRX6850760[accn]
Onthophagus taurus,Male Abdominal Pupal Support Structures 4,Indiana University,Beetle horns evolved from wing serial homologs,534.44,,RNA-Seq,TRANSCRIPTOMIC,SRX6850759,https://www.ncbi.nlm.nih.gov/sra/SRX6850759[accn]
Onthophagus taurus,Male Dorsal Head 4,Indiana University,Beetle horns evolved from wing serial homologs,2751.27,,RNA-Seq,TRANSCRIPTOMIC,SRX6850758,https://www.ncbi.nlm.nih.gov/sra/SRX6850758[accn]
Onthophagus taurus,Male Second Thoracic Segment Wing Right 3,Indiana University,Beetle horns evolved from wing serial homologs,387.81,,RNA-Seq,TRANSCRIPTOMIC,SRX6850757,https://www.ncbi.nlm.nih.gov/sra/SRX6850757[accn]
Onthophagus taurus,Male Second Thoracic Segment Wing Left 3,Indiana University,Beetle horns evolved from wing serial homologs,640.93,,RNA-Seq,TRANSCRIPTOMIC,SRX6850756,https://www.ncbi.nlm.nih.gov/sra/SRX6850756[accn]
Onthophagus taurus,Male First Thoracic Segment Posterior Margin 3,Indiana University,Beetle horns evolved from wing serial homologs,618.87,,RNA-Seq,TRANSCRIPTOMIC,SRX6850755,https://www.ncbi.nlm.nih.gov/sra/SRX6850755[accn]
Onthophagus taurus,Male First Thoracic Segment Horn 3,Indiana University,Beetle horns evolved from wing serial homologs,459.03,,RNA-Seq,TRANSCRIPTOMIC,SRX6850754,https://www.ncbi.nlm.nih.gov/sra/SRX6850754[accn]
Onthophagus taurus,Male First Thoracic Segment Dorsal 3,Indiana University,Beetle horns evolved from wing serial homologs,553.38,,RNA-Seq,TRANSCRIPTOMIC,SRX6850753,https://www.ncbi.nlm.nih.gov/sra/SRX6850753[accn]
Onthophagus taurus,Male First Thoracic Segment Carinated Margin Right 3,Indiana University,Beetle horns evolved from wing serial homologs,537.63,,RNA-Seq,TRANSCRIPTOMIC,SRX6850752,https://www.ncbi.nlm.nih.gov/sra/SRX6850752[accn]
Onthophagus taurus,Male First Thoracic Segment Carinated Margin Left 3,Indiana University,Beetle horns evolved from wing serial homologs,668.38,,RNA-Seq,TRANSCRIPTOMIC,SRX6850751,https://www.ncbi.nlm.nih.gov/sra/SRX6850751[accn]
Onthophagus taurus,Male First Thoracic Segment Anterior Margin 3,Indiana University,Beetle horns evolved from wing serial homologs,542.62,,RNA-Seq,TRANSCRIPTOMIC,SRX6850750,https://www.ncbi.nlm.nih.gov/sra/SRX6850750[accn]
Onthophagus taurus,Male Abdominal Pupal Support Structures 3,Indiana University,Beetle horns evolved from wing serial homologs,536.49,,RNA-Seq,TRANSCRIPTOMIC,SRX6850749,https://www.ncbi.nlm.nih.gov/sra/SRX6850749[accn]
Onthophagus taurus,Male Dorsal Head 3,Indiana University,Beetle horns evolved from wing serial homologs,2580.65,,RNA-Seq,TRANSCRIPTOMIC,SRX6850748,https://www.ncbi.nlm.nih.gov/sra/SRX6850748[accn]
Onthophagus taurus,Male Second Thoracic Segment Wing Right 2,Indiana University,Beetle horns evolved from wing serial homologs,501.74,,RNA-Seq,TRANSCRIPTOMIC,SRX6850747,https://www.ncbi.nlm.nih.gov/sra/SRX6850747[accn]
Onthophagus taurus,Male Second Thoracic Segment Wing Left 2,Indiana University,Beetle horns evolved from wing serial homologs,628.63,,RNA-Seq,TRANSCRIPTOMIC,SRX6850746,https://www.ncbi.nlm.nih.gov/sra/SRX6850746[accn]
Onthophagus taurus,Male First Thoracic Segment Posterior Margin 2,Indiana University,Beetle horns evolved from wing serial homologs,614.06,,RNA-Seq,TRANSCRIPTOMIC,SRX6850745,https://www.ncbi.nlm.nih.gov/sra/SRX6850745[accn]
Onthophagus taurus,Male First Thoracic Segment Horn 2,Indiana University,Beetle horns evolved from wing serial homologs,534.31,,RNA-Seq,TRANSCRIPTOMIC,SRX6850744,https://www.ncbi.nlm.nih.gov/sra/SRX6850744[accn]
Onthophagus taurus,Male First Thoracic Segment Dorsal 2,Indiana University,Beetle horns evolved from wing serial homologs,549.22,,RNA-Seq,TRANSCRIPTOMIC,SRX6850743,https://www.ncbi.nlm.nih.gov/sra/SRX6850743[accn]
Onthophagus taurus,Male First Thoracic Segment Carinated Margin Right 2,Indiana University,Beetle horns evolved from wing serial homologs,382.93,,RNA-Seq,TRANSCRIPTOMIC,SRX6850742,https://www.ncbi.nlm.nih.gov/sra/SRX6850742[accn]
Onthophagus taurus,Male First Thoracic Segment Carinated Margin Left 2,Indiana University,Beetle horns evolved from wing serial homologs,517.39,,RNA-Seq,TRANSCRIPTOMIC,SRX6850741,https://www.ncbi.nlm.nih.gov/sra/SRX6850741[accn]
Onthophagus taurus,Male First Thoracic Segment Anterior Margin 2,Indiana University,Beetle horns evolved from wing serial homologs,547.46,,RNA-Seq,TRANSCRIPTOMIC,SRX6850740,https://www.ncbi.nlm.nih.gov/sra/SRX6850740[accn]
Onthophagus taurus,Male Abdominal Pupal Support Structures 2,Indiana University,Beetle horns evolved from wing serial homologs,687.53,,RNA-Seq,TRANSCRIPTOMIC,SRX6850739,https://www.ncbi.nlm.nih.gov/sra/SRX6850739[accn]
Onthophagus taurus,Male Dorsal Head 2,Indiana University,Beetle horns evolved from wing serial homologs,2622.95,,RNA-Seq,TRANSCRIPTOMIC,SRX6850738,https://www.ncbi.nlm.nih.gov/sra/SRX6850738[accn]
Onthophagus taurus,Male Second Thoracic Segment Wing Right 1,Indiana University,Beetle horns evolved from wing serial homologs,524.95,,RNA-Seq,TRANSCRIPTOMIC,SRX6850737,https://www.ncbi.nlm.nih.gov/sra/SRX6850737[accn]
Onthophagus taurus,Male Second Thoracic Segment Wing Left 1,Indiana University,Beetle horns evolved from wing serial homologs,543.42,,RNA-Seq,TRANSCRIPTOMIC,SRX6850736,https://www.ncbi.nlm.nih.gov/sra/SRX6850736[accn]
Onthophagus taurus,Male First Thoracic Segment Posterior Margin 1,Indiana University,Beetle horns evolved from wing serial homologs,580.69,,RNA-Seq,TRANSCRIPTOMIC,SRX6850735,https://www.ncbi.nlm.nih.gov/sra/SRX6850735[accn]
Onthophagus taurus,Male First Thoracic Segment Horn 1,Indiana University,Beetle horns evolved from wing serial homologs,532.19,,RNA-Seq,TRANSCRIPTOMIC,SRX6850734,https://www.ncbi.nlm.nih.gov/sra/SRX6850734[accn]
Onthophagus taurus,Male First Thoracic Segment Dorsal 1,Indiana University,Beetle horns evolved from wing serial homologs,495.07,,RNA-Seq,TRANSCRIPTOMIC,SRX6850733,https://www.ncbi.nlm.nih.gov/sra/SRX6850733[accn]
Onthophagus taurus,Male First Thoracic Segment Carinated Margin Right 1,Indiana University,Beetle horns evolved from wing serial homologs,531.31,,RNA-Seq,TRANSCRIPTOMIC,SRX6850732,https://www.ncbi.nlm.nih.gov/sra/SRX6850732[accn]
Onthophagus taurus,Male First Thoracic Segment Carinated Margin Left 1,Indiana University,Beetle horns evolved from wing serial homologs,612.73,,RNA-Seq,TRANSCRIPTOMIC,SRX6850731,https://www.ncbi.nlm.nih.gov/sra/SRX6850731[accn]
Onthophagus taurus,Male First Thoracic Segment Anterior Margin 1,Indiana University,Beetle horns evolved from wing serial homologs,507.26,,RNA-Seq,TRANSCRIPTOMIC,SRX6850730,https://www.ncbi.nlm.nih.gov/sra/SRX6850730[accn]
Onthophagus taurus,Male Abdominal Pupal Support Structures 1,Indiana University,Beetle horns evolved from wing serial homologs,558.3,,RNA-Seq,TRANSCRIPTOMIC,SRX6850729,https://www.ncbi.nlm.nih.gov/sra/SRX6850729[accn]
Onthophagus taurus,Male Dorsal Head 1,Indiana University,Beetle horns evolved from wing serial homologs,2441.39,,RNA-Seq,TRANSCRIPTOMIC,SRX6850728,https://www.ncbi.nlm.nih.gov/sra/SRX6850728[accn]
Onthophagus taurus,Male Right Posterior Dorsal Head [6M_RP],Indiana University,Exploring the integration of innovation in the dorsal head of Onthophagus beetles using head compartment-specific RNAseq,474.13,,RNA-Seq,TRANSCRIPTOMIC,SRX6777776,https://www.ncbi.nlm.nih.gov/sra/SRX6777776[accn]
Onthophagus taurus,Male Right Anterior Dorsal Head [6M_RA],Indiana University,Exploring the integration of innovation in the dorsal head of Onthophagus beetles using head compartment-specific RNAseq,457.54,,RNA-Seq,TRANSCRIPTOMIC,SRX6777775,https://www.ncbi.nlm.nih.gov/sra/SRX6777775[accn]
Onthophagus taurus,Male Medial Posterior Dorsal Head [6M_MP],Indiana University,Exploring the integration of innovation in the dorsal head of Onthophagus beetles using head compartment-specific RNAseq,422.65,,RNA-Seq,TRANSCRIPTOMIC,SRX6777774,https://www.ncbi.nlm.nih.gov/sra/SRX6777774[accn]
Onthophagus taurus,Male Medial Anterior Dorsal Head [6M_MA],Indiana University,Exploring the integration of innovation in the dorsal head of Onthophagus beetles using head compartment-specific RNAseq,407.86,,RNA-Seq,TRANSCRIPTOMIC,SRX6777773,https://www.ncbi.nlm.nih.gov/sra/SRX6777773[accn]
Onthophagus taurus,Male Left Posterior Dorsal Head [6M_LP],Indiana University,Exploring the integration of innovation in the dorsal head of Onthophagus beetles using head compartment-specific RNAseq,419.8,,RNA-Seq,TRANSCRIPTOMIC,SRX6777772,https://www.ncbi.nlm.nih.gov/sra/SRX6777772[accn]
Onthophagus taurus,Male Left Anterior Dorsal Head [6M_LA],Indiana University,Exploring the integration of innovation in the dorsal head of Onthophagus beetles using head compartment-specific RNAseq,415.34,,RNA-Seq,TRANSCRIPTOMIC,SRX6777771,https://www.ncbi.nlm.nih.gov/sra/SRX6777771[accn]
Onthophagus taurus,Male Right Posterior Dorsal Head [5M_RP],Indiana University,Exploring the integration of innovation in the dorsal head of Onthophagus beetles using head compartment-specific RNAseq,492.38,,RNA-Seq,TRANSCRIPTOMIC,SRX6777770,https://www.ncbi.nlm.nih.gov/sra/SRX6777770[accn]
Onthophagus taurus,Male Right Anterior Dorsal Head [5M_RA],Indiana University,Exploring the integration of innovation in the dorsal head of Onthophagus beetles using head compartment-specific RNAseq,401.12,,RNA-Seq,TRANSCRIPTOMIC,SRX6777769,https://www.ncbi.nlm.nih.gov/sra/SRX6777769[accn]
Onthophagus taurus,Male Medial Posterior Dorsal Head [5M_MP],Indiana University,Exploring the integration of innovation in the dorsal head of Onthophagus beetles using head compartment-specific RNAseq,422.43,,RNA-Seq,TRANSCRIPTOMIC,SRX6777768,https://www.ncbi.nlm.nih.gov/sra/SRX6777768[accn]
Onthophagus taurus,Male Medial Anterior Dorsal Head [5M_MA],Indiana University,Exploring the integration of innovation in the dorsal head of Onthophagus beetles using head compartment-specific RNAseq,376.05,,RNA-Seq,TRANSCRIPTOMIC,SRX6777767,https://www.ncbi.nlm.nih.gov/sra/SRX6777767[accn]
Onthophagus taurus,Male Left Posterior Dorsal Head [5M_LP],Indiana University,Exploring the integration of innovation in the dorsal head of Onthophagus beetles using head compartment-specific RNAseq,540.57,,RNA-Seq,TRANSCRIPTOMIC,SRX6777766,https://www.ncbi.nlm.nih.gov/sra/SRX6777766[accn]
Onthophagus taurus,Male Left Anterior Dorsal Head [5M_LA],Indiana University,Exploring the integration of innovation in the dorsal head of Onthophagus beetles using head compartment-specific RNAseq,423.43,,RNA-Seq,TRANSCRIPTOMIC,SRX6777765,https://www.ncbi.nlm.nih.gov/sra/SRX6777765[accn]
Onthophagus taurus,Male Right Posterior Dorsal Head [4M_RP],Indiana University,Exploring the integration of innovation in the dorsal head of Onthophagus beetles using head compartment-specific RNAseq,466.99,,RNA-Seq,TRANSCRIPTOMIC,SRX6777764,https://www.ncbi.nlm.nih.gov/sra/SRX6777764[accn]
Onthophagus taurus,Male Right Anterior Dorsal Head [4M_RA],Indiana University,Exploring the integration of innovation in the dorsal head of Onthophagus beetles using head compartment-specific RNAseq,446.52,,RNA-Seq,TRANSCRIPTOMIC,SRX6777763,https://www.ncbi.nlm.nih.gov/sra/SRX6777763[accn]
Onthophagus taurus,Male Medial Posterior Dorsal Head [4M_MP],Indiana University,Exploring the integration of innovation in the dorsal head of Onthophagus beetles using head compartment-specific RNAseq,443.18,,RNA-Seq,TRANSCRIPTOMIC,SRX6777762,https://www.ncbi.nlm.nih.gov/sra/SRX6777762[accn]
Onthophagus taurus,Male Medial Anterior Dorsal Head [4M_MA],Indiana University,Exploring the integration of innovation in the dorsal head of Onthophagus beetles using head compartment-specific RNAseq,412.95,,RNA-Seq,TRANSCRIPTOMIC,SRX6777761,https://www.ncbi.nlm.nih.gov/sra/SRX6777761[accn]
Onthophagus taurus,Male Left Posterior Dorsal Head [4M_LP],Indiana University,Exploring the integration of innovation in the dorsal head of Onthophagus beetles using head compartment-specific RNAseq,535.55,,RNA-Seq,TRANSCRIPTOMIC,SRX6777760,https://www.ncbi.nlm.nih.gov/sra/SRX6777760[accn]
Onthophagus taurus,Male Left Anterior Dorsal Head [4M_LA],Indiana University,Exploring the integration of innovation in the dorsal head of Onthophagus beetles using head compartment-specific RNAseq,446.49,,RNA-Seq,TRANSCRIPTOMIC,SRX6777759,https://www.ncbi.nlm.nih.gov/sra/SRX6777759[accn]
Onthophagus taurus,Male Right Posterior Dorsal Head [3M_RP],Indiana University,Exploring the integration of innovation in the dorsal head of Onthophagus beetles using head compartment-specific RNAseq,429.16,,RNA-Seq,TRANSCRIPTOMIC,SRX6777758,https://www.ncbi.nlm.nih.gov/sra/SRX6777758[accn]
Onthophagus taurus,Male Right Anterior Dorsal Head [3M_RA],Indiana University,Exploring the integration of innovation in the dorsal head of Onthophagus beetles using head compartment-specific RNAseq,444.16,,RNA-Seq,TRANSCRIPTOMIC,SRX6777757,https://www.ncbi.nlm.nih.gov/sra/SRX6777757[accn]
Onthophagus taurus,Male Medial Posterior Dorsal Head [3M_MP],Indiana University,Exploring the integration of innovation in the dorsal head of Onthophagus beetles using head compartment-specific RNAseq,418.05,,RNA-Seq,TRANSCRIPTOMIC,SRX6777756,https://www.ncbi.nlm.nih.gov/sra/SRX6777756[accn]
Onthophagus taurus,Male Medial Anterior Dorsal Head [3M_MA],Indiana University,Exploring the integration of innovation in the dorsal head of Onthophagus beetles using head compartment-specific RNAseq,370.21,,RNA-Seq,TRANSCRIPTOMIC,SRX6777755,https://www.ncbi.nlm.nih.gov/sra/SRX6777755[accn]
Onthophagus taurus,Male Left Posterior Dorsal Head [3M_LP],Indiana University,Exploring the integration of innovation in the dorsal head of Onthophagus beetles using head compartment-specific RNAseq,523.06,,RNA-Seq,TRANSCRIPTOMIC,SRX6777754,https://www.ncbi.nlm.nih.gov/sra/SRX6777754[accn]
Onthophagus taurus,Male Left Anterior Dorsal Head [3M_LA],Indiana University,Exploring the integration of innovation in the dorsal head of Onthophagus beetles using head compartment-specific RNAseq,396.41,,RNA-Seq,TRANSCRIPTOMIC,SRX6777753,https://www.ncbi.nlm.nih.gov/sra/SRX6777753[accn]
Onthophagus taurus,Male Right Posterior Dorsal Head [2M_RP],Indiana University,Exploring the integration of innovation in the dorsal head of Onthophagus beetles using head compartment-specific RNAseq,456.64,,RNA-Seq,TRANSCRIPTOMIC,SRX6777752,https://www.ncbi.nlm.nih.gov/sra/SRX6777752[accn]
Onthophagus taurus,Male Right Anterior Dorsal Head [2M_RA],Indiana University,Exploring the integration of innovation in the dorsal head of Onthophagus beetles using head compartment-specific RNAseq,374.7,,RNA-Seq,TRANSCRIPTOMIC,SRX6777751,https://www.ncbi.nlm.nih.gov/sra/SRX6777751[accn]
Onthophagus taurus,Male Medial Posterior Dorsal Head [2M_MP],Indiana University,Exploring the integration of innovation in the dorsal head of Onthophagus beetles using head compartment-specific RNAseq,443.43,,RNA-Seq,TRANSCRIPTOMIC,SRX6777750,https://www.ncbi.nlm.nih.gov/sra/SRX6777750[accn]
Onthophagus taurus,Male Medial Anterior Dorsal Head [2M_MA],Indiana University,Exploring the integration of innovation in the dorsal head of Onthophagus beetles using head compartment-specific RNAseq,408.66,,RNA-Seq,TRANSCRIPTOMIC,SRX6777749,https://www.ncbi.nlm.nih.gov/sra/SRX6777749[accn]
Onthophagus taurus,Male Left Posterior Dorsal Head [2M_LP],Indiana University,Exploring the integration of innovation in the dorsal head of Onthophagus beetles using head compartment-specific RNAseq,480.52,,RNA-Seq,TRANSCRIPTOMIC,SRX6777748,https://www.ncbi.nlm.nih.gov/sra/SRX6777748[accn]
Onthophagus taurus,Male Left Anterior Dorsal Head [2M_LA],Indiana University,Exploring the integration of innovation in the dorsal head of Onthophagus beetles using head compartment-specific RNAseq,459.41,,RNA-Seq,TRANSCRIPTOMIC,SRX6777747,https://www.ncbi.nlm.nih.gov/sra/SRX6777747[accn]
Onthophagus taurus,Male Right Posterior Dorsal Head [1M_RP],Indiana University,Exploring the integration of innovation in the dorsal head of Onthophagus beetles using head compartment-specific RNAseq,391.67,,RNA-Seq,TRANSCRIPTOMIC,SRX6777746,https://www.ncbi.nlm.nih.gov/sra/SRX6777746[accn]
Onthophagus taurus,Male Right Anterior Dorsal Head [1M_RA],Indiana University,Exploring the integration of innovation in the dorsal head of Onthophagus beetles using head compartment-specific RNAseq,446.87,,RNA-Seq,TRANSCRIPTOMIC,SRX6777745,https://www.ncbi.nlm.nih.gov/sra/SRX6777745[accn]
Onthophagus taurus,Male Medial Posterior Dorsal Head [1M_MP],Indiana University,Exploring the integration of innovation in the dorsal head of Onthophagus beetles using head compartment-specific RNAseq,416.89,,RNA-Seq,TRANSCRIPTOMIC,SRX6777744,https://www.ncbi.nlm.nih.gov/sra/SRX6777744[accn]
Onthophagus taurus,Male Medial Anterior Dorsal Head [1M_MA],Indiana University,Exploring the integration of innovation in the dorsal head of Onthophagus beetles using head compartment-specific RNAseq,396.51,,RNA-Seq,TRANSCRIPTOMIC,SRX6777743,https://www.ncbi.nlm.nih.gov/sra/SRX6777743[accn]
Onthophagus taurus,Male Left Posterior Dorsal Head [1M_LP],Indiana University,Exploring the integration of innovation in the dorsal head of Onthophagus beetles using head compartment-specific RNAseq,381.19,,RNA-Seq,TRANSCRIPTOMIC,SRX6777742,https://www.ncbi.nlm.nih.gov/sra/SRX6777742[accn]
Onthophagus taurus,Male Left Anterior Dorsal Head [1M_LA],Indiana University,Exploring the integration of innovation in the dorsal head of Onthophagus beetles using head compartment-specific RNAseq,408.68,,RNA-Seq,TRANSCRIPTOMIC,SRX6777741,https://www.ncbi.nlm.nih.gov/sra/SRX6777741[accn]
Onthophagus taurus,Female Right Posterior Dorsal Head [5F_RP],Indiana University,Exploring the integration of innovation in the dorsal head of Onthophagus beetles using head compartment-specific RNAseq,431.28,,RNA-Seq,TRANSCRIPTOMIC,SRX6777740,https://www.ncbi.nlm.nih.gov/sra/SRX6777740[accn]
Onthophagus taurus,Female Right Anterior Dorsal Head [5F_RA],Indiana University,Exploring the integration of innovation in the dorsal head of Onthophagus beetles using head compartment-specific RNAseq,464.86,,RNA-Seq,TRANSCRIPTOMIC,SRX6777739,https://www.ncbi.nlm.nih.gov/sra/SRX6777739[accn]
Onthophagus taurus,Female Medial Posterior Dorsal Head [5F_MP],Indiana University,Exploring the integration of innovation in the dorsal head of Onthophagus beetles using head compartment-specific RNAseq,425.82,,RNA-Seq,TRANSCRIPTOMIC,SRX6777738,https://www.ncbi.nlm.nih.gov/sra/SRX6777738[accn]
Onthophagus taurus,Female Medial Anterior Dorsal Head [5F_MA],Indiana University,Exploring the integration of innovation in the dorsal head of Onthophagus beetles using head compartment-specific RNAseq,402.08,,RNA-Seq,TRANSCRIPTOMIC,SRX6777737,https://www.ncbi.nlm.nih.gov/sra/SRX6777737[accn]
Onthophagus taurus,Female Left Posterior Dorsal Head [5F_LP],Indiana University,Exploring the integration of innovation in the dorsal head of Onthophagus beetles using head compartment-specific RNAseq,426.02,,RNA-Seq,TRANSCRIPTOMIC,SRX6777736,https://www.ncbi.nlm.nih.gov/sra/SRX6777736[accn]
Onthophagus taurus,Female Left Anterior Dorsal Head [5F_LA],Indiana University,Exploring the integration of innovation in the dorsal head of Onthophagus beetles using head compartment-specific RNAseq,509.82,,RNA-Seq,TRANSCRIPTOMIC,SRX6777735,https://www.ncbi.nlm.nih.gov/sra/SRX6777735[accn]
Onthophagus taurus,Female Right Posterior Dorsal Head [4F_RP],Indiana University,Exploring the integration of innovation in the dorsal head of Onthophagus beetles using head compartment-specific RNAseq,371.03,,RNA-Seq,TRANSCRIPTOMIC,SRX6777734,https://www.ncbi.nlm.nih.gov/sra/SRX6777734[accn]
Onthophagus taurus,Female Right Anterior Dorsal Head [4F_RA],Indiana University,Exploring the integration of innovation in the dorsal head of Onthophagus beetles using head compartment-specific RNAseq,410.35,,RNA-Seq,TRANSCRIPTOMIC,SRX6777733,https://www.ncbi.nlm.nih.gov/sra/SRX6777733[accn]
Onthophagus taurus,Female Medial Posterior Dorsal Head [4F_MP],Indiana University,Exploring the integration of innovation in the dorsal head of Onthophagus beetles using head compartment-specific RNAseq,426.46,,RNA-Seq,TRANSCRIPTOMIC,SRX6777732,https://www.ncbi.nlm.nih.gov/sra/SRX6777732[accn]
Onthophagus taurus,Female Medial Anterior Dorsal Head [4F_MA],Indiana University,Exploring the integration of innovation in the dorsal head of Onthophagus beetles using head compartment-specific RNAseq,490.88,,RNA-Seq,TRANSCRIPTOMIC,SRX6777731,https://www.ncbi.nlm.nih.gov/sra/SRX6777731[accn]
Onthophagus taurus,Female Left Posterior Dorsal Head [4F_LP],Indiana University,Exploring the integration of innovation in the dorsal head of Onthophagus beetles using head compartment-specific RNAseq,426.26,,RNA-Seq,TRANSCRIPTOMIC,SRX6777730,https://www.ncbi.nlm.nih.gov/sra/SRX6777730[accn]
Onthophagus taurus,Female Left Anterior Dorsal Head [4F_LA],Indiana University,Exploring the integration of innovation in the dorsal head of Onthophagus beetles using head compartment-specific RNAseq,468.43,,RNA-Seq,TRANSCRIPTOMIC,SRX6777729,https://www.ncbi.nlm.nih.gov/sra/SRX6777729[accn]
Onthophagus taurus,Female Right Posterior Dorsal Head [3F_RP],Indiana University,Exploring the integration of innovation in the dorsal head of Onthophagus beetles using head compartment-specific RNAseq,504.78,,RNA-Seq,TRANSCRIPTOMIC,SRX6777728,https://www.ncbi.nlm.nih.gov/sra/SRX6777728[accn]
Onthophagus taurus,Female Right Anterior Dorsal Head [3F_RA],Indiana University,Exploring the integration of innovation in the dorsal head of Onthophagus beetles using head compartment-specific RNAseq,462.48,,RNA-Seq,TRANSCRIPTOMIC,SRX6777727,https://www.ncbi.nlm.nih.gov/sra/SRX6777727[accn]
Onthophagus taurus,Female Medial Posterior Dorsal Head [3F_MP],Indiana University,Exploring the integration of innovation in the dorsal head of Onthophagus beetles using head compartment-specific RNAseq,462.1,,RNA-Seq,TRANSCRIPTOMIC,SRX6777726,https://www.ncbi.nlm.nih.gov/sra/SRX6777726[accn]
Onthophagus taurus,Female Medial Anterior Dorsal Head [3F_MA],Indiana University,Exploring the integration of innovation in the dorsal head of Onthophagus beetles using head compartment-specific RNAseq,434.5,,RNA-Seq,TRANSCRIPTOMIC,SRX6777725,https://www.ncbi.nlm.nih.gov/sra/SRX6777725[accn]
Onthophagus taurus,Female Left Posterior Dorsal Head [3F_LP],Indiana University,Exploring the integration of innovation in the dorsal head of Onthophagus beetles using head compartment-specific RNAseq,425.55,,RNA-Seq,TRANSCRIPTOMIC,SRX6777724,https://www.ncbi.nlm.nih.gov/sra/SRX6777724[accn]
Onthophagus taurus,Female Left Anterior Dorsal Head [3F_LA],Indiana University,Exploring the integration of innovation in the dorsal head of Onthophagus beetles using head compartment-specific RNAseq,513.48,,RNA-Seq,TRANSCRIPTOMIC,SRX6777723,https://www.ncbi.nlm.nih.gov/sra/SRX6777723[accn]
Onthophagus taurus,Female Right Posterior Dorsal Head [2F_RP],Indiana University,Exploring the integration of innovation in the dorsal head of Onthophagus beetles using head compartment-specific RNAseq,475.24,,RNA-Seq,TRANSCRIPTOMIC,SRX6777722,https://www.ncbi.nlm.nih.gov/sra/SRX6777722[accn]
Onthophagus taurus,Female Right Anterior Dorsal Head [2F_RA],Indiana University,Exploring the integration of innovation in the dorsal head of Onthophagus beetles using head compartment-specific RNAseq,429.21,,RNA-Seq,TRANSCRIPTOMIC,SRX6777721,https://www.ncbi.nlm.nih.gov/sra/SRX6777721[accn]
Onthophagus taurus,Female Medial Posterior Dorsal Head [2F_MP],Indiana University,Exploring the integration of innovation in the dorsal head of Onthophagus beetles using head compartment-specific RNAseq,379.54,,RNA-Seq,TRANSCRIPTOMIC,SRX6777720,https://www.ncbi.nlm.nih.gov/sra/SRX6777720[accn]
Onthophagus taurus,Female Medial Anterior Dorsal Head [2F_MA],Indiana University,Exploring the integration of innovation in the dorsal head of Onthophagus beetles using head compartment-specific RNAseq,418.84,,RNA-Seq,TRANSCRIPTOMIC,SRX6777719,https://www.ncbi.nlm.nih.gov/sra/SRX6777719[accn]
Onthophagus taurus,Female Left Posterior Dorsal Head [2F_LP],Indiana University,Exploring the integration of innovation in the dorsal head of Onthophagus beetles using head compartment-specific RNAseq,353.63,,RNA-Seq,TRANSCRIPTOMIC,SRX6777718,https://www.ncbi.nlm.nih.gov/sra/SRX6777718[accn]
Onthophagus taurus,Female Left Anterior Dorsal Head [2F_LA],Indiana University,Exploring the integration of innovation in the dorsal head of Onthophagus beetles using head compartment-specific RNAseq,391.53,,RNA-Seq,TRANSCRIPTOMIC,SRX6777717,https://www.ncbi.nlm.nih.gov/sra/SRX6777717[accn]
Onthophagus taurus,Female Right Posterior Dorsal Head [1F_RP],Indiana University,Exploring the integration of innovation in the dorsal head of Onthophagus beetles using head compartment-specific RNAseq,456.97,,RNA-Seq,TRANSCRIPTOMIC,SRX6777716,https://www.ncbi.nlm.nih.gov/sra/SRX6777716[accn]
Onthophagus taurus,Female Right Anterior Dorsal Head [1F_RA],Indiana University,Exploring the integration of innovation in the dorsal head of Onthophagus beetles using head compartment-specific RNAseq,430.44,,RNA-Seq,TRANSCRIPTOMIC,SRX6777715,https://www.ncbi.nlm.nih.gov/sra/SRX6777715[accn]
Onthophagus taurus,Female Medial Posterior Dorsal Head [1F_MP],Indiana University,Exploring the integration of innovation in the dorsal head of Onthophagus beetles using head compartment-specific RNAseq,497.87,,RNA-Seq,TRANSCRIPTOMIC,SRX6777714,https://www.ncbi.nlm.nih.gov/sra/SRX6777714[accn]
Onthophagus taurus,Female Medial Anterior Dorsal Head [1F_MA],Indiana University,Exploring the integration of innovation in the dorsal head of Onthophagus beetles using head compartment-specific RNAseq,417.52,,RNA-Seq,TRANSCRIPTOMIC,SRX6777713,https://www.ncbi.nlm.nih.gov/sra/SRX6777713[accn]
Onthophagus taurus,Female Left Posterior Dorsal Head [1F_LP],Indiana University,Exploring the integration of innovation in the dorsal head of Onthophagus beetles using head compartment-specific RNAseq,418.13,,RNA-Seq,TRANSCRIPTOMIC,SRX6777712,https://www.ncbi.nlm.nih.gov/sra/SRX6777712[accn]
Onthophagus taurus,Female Left Anterior Dorsal Head [1F_LA],Indiana University,Exploring the integration of innovation in the dorsal head of Onthophagus beetles using head compartment-specific RNAseq,428.82,,RNA-Seq,TRANSCRIPTOMIC,SRX6777711,https://www.ncbi.nlm.nih.gov/sra/SRX6777711[accn]
Onthophagus taurus,ctrlRNAi_M-GEN_S96,Indiana University,Transcriptomic assessment of interactions between doublesex and its target genes across sexes and tissues in horned beetles,202.85,,RNA-Seq,TRANSCRIPTOMIC,SRX2236092,https://www.ncbi.nlm.nih.gov/sra/SRX2236092[accn]
Onthophagus taurus,ctrlRNAi_M-GEN_S95,Indiana University,Transcriptomic assessment of interactions between doublesex and its target genes across sexes and tissues in horned beetles,299,,RNA-Seq,TRANSCRIPTOMIC,SRX2236091,https://www.ncbi.nlm.nih.gov/sra/SRX2236091[accn]
Onthophagus taurus,ctrlRNAi_M-GEN_S94,Indiana University,Transcriptomic assessment of interactions between doublesex and its target genes across sexes and tissues in horned beetles,356.5,,RNA-Seq,TRANSCRIPTOMIC,SRX2236090,https://www.ncbi.nlm.nih.gov/sra/SRX2236090[accn]
Onthophagus taurus,ctrlRNAi_M-GEN_S93,Indiana University,Transcriptomic assessment of interactions between doublesex and its target genes across sexes and tissues in horned beetles,361.02,,RNA-Seq,TRANSCRIPTOMIC,SRX2236089,https://www.ncbi.nlm.nih.gov/sra/SRX2236089[accn]
Onthophagus taurus,ctrlRNAi_M-GEN_S92,Indiana University,Transcriptomic assessment of interactions between doublesex and its target genes across sexes and tissues in horned beetles,235.35,,RNA-Seq,TRANSCRIPTOMIC,SRX2236088,https://www.ncbi.nlm.nih.gov/sra/SRX2236088[accn]
Onthophagus taurus,ctrlRNAi_M-GEN_S91,Indiana University,Transcriptomic assessment of interactions between doublesex and its target genes across sexes and tissues in horned beetles,434.27,,RNA-Seq,TRANSCRIPTOMIC,SRX2236087,https://www.ncbi.nlm.nih.gov/sra/SRX2236087[accn]
Onthophagus taurus,ctrlRNAi_F-GEN_S90,Indiana University,Transcriptomic assessment of interactions between doublesex and its target genes across sexes and tissues in horned beetles,387.47,,RNA-Seq,TRANSCRIPTOMIC,SRX2236086,https://www.ncbi.nlm.nih.gov/sra/SRX2236086[accn]
Onthophagus taurus,ctrlRNAi_F-GEN_S89,Indiana University,Transcriptomic assessment of interactions between doublesex and its target genes across sexes and tissues in horned beetles,197.24,,RNA-Seq,TRANSCRIPTOMIC,SRX2236085,https://www.ncbi.nlm.nih.gov/sra/SRX2236085[accn]
Onthophagus taurus,ctrlRNAi_F-GEN_S88,Indiana University,Transcriptomic assessment of interactions between doublesex and its target genes across sexes and tissues in horned beetles,365.82,,RNA-Seq,TRANSCRIPTOMIC,SRX2236084,https://www.ncbi.nlm.nih.gov/sra/SRX2236084[accn]
Onthophagus taurus,ctrlRNAi_F-GEN_S87,Indiana University,Transcriptomic assessment of interactions between doublesex and its target genes across sexes and tissues in horned beetles,259.36,,RNA-Seq,TRANSCRIPTOMIC,SRX2236083,https://www.ncbi.nlm.nih.gov/sra/SRX2236083[accn]
Onthophagus taurus,ctrlRNAi_F-GEN_S86,Indiana University,Transcriptomic assessment of interactions between doublesex and its target genes across sexes and tissues in horned beetles,292.39,,RNA-Seq,TRANSCRIPTOMIC,SRX2236082,https://www.ncbi.nlm.nih.gov/sra/SRX2236082[accn]
Onthophagus taurus,ctrlRNAi_F-GEN_S85,Indiana University,Transcriptomic assessment of interactions between doublesex and its target genes across sexes and tissues in horned beetles,212.19,,RNA-Seq,TRANSCRIPTOMIC,SRX2236081,https://www.ncbi.nlm.nih.gov/sra/SRX2236081[accn]
Onthophagus taurus,dsxRNAi_M-GEN_S84,Indiana University,Transcriptomic assessment of interactions between doublesex and its target genes across sexes and tissues in horned beetles,358.7,,RNA-Seq,TRANSCRIPTOMIC,SRX2236080,https://www.ncbi.nlm.nih.gov/sra/SRX2236080[accn]
Onthophagus taurus,dsxRNAi_M-GEN_S83,Indiana University,Transcriptomic assessment of interactions between doublesex and its target genes across sexes and tissues in horned beetles,306.28,,RNA-Seq,TRANSCRIPTOMIC,SRX2236079,https://www.ncbi.nlm.nih.gov/sra/SRX2236079[accn]
Onthophagus taurus,dsxRNAi_M-GEN_S82,Indiana University,Transcriptomic assessment of interactions between doublesex and its target genes across sexes and tissues in horned beetles,485.99,,RNA-Seq,TRANSCRIPTOMIC,SRX2236078,https://www.ncbi.nlm.nih.gov/sra/SRX2236078[accn]
Onthophagus taurus,dsxRNAi_M-GEN_S81,Indiana University,Transcriptomic assessment of interactions between doublesex and its target genes across sexes and tissues in horned beetles,290.97,,RNA-Seq,TRANSCRIPTOMIC,SRX2236077,https://www.ncbi.nlm.nih.gov/sra/SRX2236077[accn]
Onthophagus taurus,dsxRNAi_M-GEN_S80,Indiana University,Transcriptomic assessment of interactions between doublesex and its target genes across sexes and tissues in horned beetles,234.11,,RNA-Seq,TRANSCRIPTOMIC,SRX2236076,https://www.ncbi.nlm.nih.gov/sra/SRX2236076[accn]
Onthophagus taurus,dsxRNAi_M-GEN_S79,Indiana University,Transcriptomic assessment of interactions between doublesex and its target genes across sexes and tissues in horned beetles,258.35,,RNA-Seq,TRANSCRIPTOMIC,SRX2236075,https://www.ncbi.nlm.nih.gov/sra/SRX2236075[accn]
Onthophagus taurus,dsxRNAi_F-GEN_S78,Indiana University,Transcriptomic assessment of interactions between doublesex and its target genes across sexes and tissues in horned beetles,290.6,,RNA-Seq,TRANSCRIPTOMIC,SRX2236074,https://www.ncbi.nlm.nih.gov/sra/SRX2236074[accn]
Onthophagus taurus,dsxRNAi_F-GEN_S77,Indiana University,Transcriptomic assessment of interactions between doublesex and its target genes across sexes and tissues in horned beetles,372.55,,RNA-Seq,TRANSCRIPTOMIC,SRX2236073,https://www.ncbi.nlm.nih.gov/sra/SRX2236073[accn]
Onthophagus taurus,dsxRNAi_F-GEN_S76,Indiana University,Transcriptomic assessment of interactions between doublesex and its target genes across sexes and tissues in horned beetles,301.46,,RNA-Seq,TRANSCRIPTOMIC,SRX2236072,https://www.ncbi.nlm.nih.gov/sra/SRX2236072[accn]
Onthophagus taurus,dsxRNAi_F-GEN_S75,Indiana University,Transcriptomic assessment of interactions between doublesex and its target genes across sexes and tissues in horned beetles,250.57,,RNA-Seq,TRANSCRIPTOMIC,SRX2236071,https://www.ncbi.nlm.nih.gov/sra/SRX2236071[accn]
Onthophagus taurus,dsxRNAi_F-GEN_S74,Indiana University,Transcriptomic assessment of interactions between doublesex and its target genes across sexes and tissues in horned beetles,383.75,,RNA-Seq,TRANSCRIPTOMIC,SRX2236070,https://www.ncbi.nlm.nih.gov/sra/SRX2236070[accn]
Onthophagus taurus,dsxRNAi_F-GEN_S73,Indiana University,Transcriptomic assessment of interactions between doublesex and its target genes across sexes and tissues in horned beetles,231.96,,RNA-Seq,TRANSCRIPTOMIC,SRX2236069,https://www.ncbi.nlm.nih.gov/sra/SRX2236069[accn]
Onthophagus taurus,ctrlRNAi_M-CHE_S72,Indiana University,Transcriptomic assessment of interactions between doublesex and its target genes across sexes and tissues in horned beetles,322.82,,RNA-Seq,TRANSCRIPTOMIC,SRX2236068,https://www.ncbi.nlm.nih.gov/sra/SRX2236068[accn]
Onthophagus taurus,ctrlRNAi_M-CHE_S71,Indiana University,Transcriptomic assessment of interactions between doublesex and its target genes across sexes and tissues in horned beetles,373.5,,RNA-Seq,TRANSCRIPTOMIC,SRX2236067,https://www.ncbi.nlm.nih.gov/sra/SRX2236067[accn]
Onthophagus taurus,ctrlRNAi_M-CHE_S70,Indiana University,Transcriptomic assessment of interactions between doublesex and its target genes across sexes and tissues in horned beetles,254.28,,RNA-Seq,TRANSCRIPTOMIC,SRX2236066,https://www.ncbi.nlm.nih.gov/sra/SRX2236066[accn]
Onthophagus taurus,ctrlRNAi_M-CHE_S69,Indiana University,Transcriptomic assessment of interactions between doublesex and its target genes across sexes and tissues in horned beetles,354.19,,RNA-Seq,TRANSCRIPTOMIC,SRX2236065,https://www.ncbi.nlm.nih.gov/sra/SRX2236065[accn]
Onthophagus taurus,ctrlRNAi_M-CHE_S68,Indiana University,Transcriptomic assessment of interactions between doublesex and its target genes across sexes and tissues in horned beetles,249.38,,RNA-Seq,TRANSCRIPTOMIC,SRX2236064,https://www.ncbi.nlm.nih.gov/sra/SRX2236064[accn]
Onthophagus taurus,ctrlRNAi_M-CHE_S67,Indiana University,Transcriptomic assessment of interactions between doublesex and its target genes across sexes and tissues in horned beetles,245.52,,RNA-Seq,TRANSCRIPTOMIC,SRX2236063,https://www.ncbi.nlm.nih.gov/sra/SRX2236063[accn]
Onthophagus taurus,ctrlRNAi_F-CHE_S66,Indiana University,Transcriptomic assessment of interactions between doublesex and its target genes across sexes and tissues in horned beetles,225.79,,RNA-Seq,TRANSCRIPTOMIC,SRX2236062,https://www.ncbi.nlm.nih.gov/sra/SRX2236062[accn]
Onthophagus taurus,ctrlRNAi_F-CHE_S65,Indiana University,Transcriptomic assessment of interactions between doublesex and its target genes across sexes and tissues in horned beetles,301.93,,RNA-Seq,TRANSCRIPTOMIC,SRX2236061,https://www.ncbi.nlm.nih.gov/sra/SRX2236061[accn]
Onthophagus taurus,ctrlRNAi_F-CHE_S64,Indiana University,Transcriptomic assessment of interactions between doublesex and its target genes across sexes and tissues in horned beetles,406.34,,RNA-Seq,TRANSCRIPTOMIC,SRX2236060,https://www.ncbi.nlm.nih.gov/sra/SRX2236060[accn]
Onthophagus taurus,ctrlRNAi_F-CHE_S63,Indiana University,Transcriptomic assessment of interactions between doublesex and its target genes across sexes and tissues in horned beetles,206.57,,RNA-Seq,TRANSCRIPTOMIC,SRX2236059,https://www.ncbi.nlm.nih.gov/sra/SRX2236059[accn]
Onthophagus taurus,ctrlRNAi_F-CHE_S62,Indiana University,Transcriptomic assessment of interactions between doublesex and its target genes across sexes and tissues in horned beetles,262.06,,RNA-Seq,TRANSCRIPTOMIC,SRX2236058,https://www.ncbi.nlm.nih.gov/sra/SRX2236058[accn]
Onthophagus taurus,ctrlRNAi_F-CHE_S61,Indiana University,Transcriptomic assessment of interactions between doublesex and its target genes across sexes and tissues in horned beetles,219.44,,RNA-Seq,TRANSCRIPTOMIC,SRX2236057,https://www.ncbi.nlm.nih.gov/sra/SRX2236057[accn]
Onthophagus taurus,dsxRNAi_M-CHE_S60,Indiana University,Transcriptomic assessment of interactions between doublesex and its target genes across sexes and tissues in horned beetles,398.99,,RNA-Seq,TRANSCRIPTOMIC,SRX2236056,https://www.ncbi.nlm.nih.gov/sra/SRX2236056[accn]
Onthophagus taurus,dsxRNAi_M-CHE_S59,Indiana University,Transcriptomic assessment of interactions between doublesex and its target genes across sexes and tissues in horned beetles,431.4,,RNA-Seq,TRANSCRIPTOMIC,SRX2236055,https://www.ncbi.nlm.nih.gov/sra/SRX2236055[accn]
Onthophagus taurus,dsxRNAi_M-CHE_S58,Indiana University,Transcriptomic assessment of interactions between doublesex and its target genes across sexes and tissues in horned beetles,267.17,,RNA-Seq,TRANSCRIPTOMIC,SRX2236054,https://www.ncbi.nlm.nih.gov/sra/SRX2236054[accn]
Onthophagus taurus,dsxRNAi_M-CHE_S57,Indiana University,Transcriptomic assessment of interactions between doublesex and its target genes across sexes and tissues in horned beetles,244.88,,RNA-Seq,TRANSCRIPTOMIC,SRX2236053,https://www.ncbi.nlm.nih.gov/sra/SRX2236053[accn]
Onthophagus taurus,dsxRNAi_M-CHE_S56,Indiana University,Transcriptomic assessment of interactions between doublesex and its target genes across sexes and tissues in horned beetles,303.17,,RNA-Seq,TRANSCRIPTOMIC,SRX2236052,https://www.ncbi.nlm.nih.gov/sra/SRX2236052[accn]
Onthophagus taurus,dsxRNAi_M-CHE_S55,Indiana University,Transcriptomic assessment of interactions between doublesex and its target genes across sexes and tissues in horned beetles,252.58,,RNA-Seq,TRANSCRIPTOMIC,SRX2236051,https://www.ncbi.nlm.nih.gov/sra/SRX2236051[accn]
Onthophagus taurus,dsxRNAi_F-CHE_S54,Indiana University,Transcriptomic assessment of interactions between doublesex and its target genes across sexes and tissues in horned beetles,279.33,,RNA-Seq,TRANSCRIPTOMIC,SRX2236050,https://www.ncbi.nlm.nih.gov/sra/SRX2236050[accn]
Onthophagus taurus,dsxRNAi_F-CHE_S53,Indiana University,Transcriptomic assessment of interactions between doublesex and its target genes across sexes and tissues in horned beetles,270.77,,RNA-Seq,TRANSCRIPTOMIC,SRX2236049,https://www.ncbi.nlm.nih.gov/sra/SRX2236049[accn]
Onthophagus taurus,dsxRNAi_F-CHE_S52,Indiana University,Transcriptomic assessment of interactions between doublesex and its target genes across sexes and tissues in horned beetles,368.23,,RNA-Seq,TRANSCRIPTOMIC,SRX2236048,https://www.ncbi.nlm.nih.gov/sra/SRX2236048[accn]
Onthophagus taurus,dsxRNAi_F-CHE_S51,Indiana University,Transcriptomic assessment of interactions between doublesex and its target genes across sexes and tissues in horned beetles,382.03,,RNA-Seq,TRANSCRIPTOMIC,SRX2236047,https://www.ncbi.nlm.nih.gov/sra/SRX2236047[accn]
Onthophagus taurus,dsxRNAi_F-CHE_S50,Indiana University,Transcriptomic assessment of interactions between doublesex and its target genes across sexes and tissues in horned beetles,273.22,,RNA-Seq,TRANSCRIPTOMIC,SRX2236046,https://www.ncbi.nlm.nih.gov/sra/SRX2236046[accn]
Onthophagus taurus,dsxRNAi_F-CHE_S49,Indiana University,Transcriptomic assessment of interactions between doublesex and its target genes across sexes and tissues in horned beetles,243.4,,RNA-Seq,TRANSCRIPTOMIC,SRX2236045,https://www.ncbi.nlm.nih.gov/sra/SRX2236045[accn]
Onthophagus taurus,ctrlRNAi_M-THE_S48,Indiana University,Transcriptomic assessment of interactions between doublesex and its target genes across sexes and tissues in horned beetles,231.93,,RNA-Seq,TRANSCRIPTOMIC,SRX2236044,https://www.ncbi.nlm.nih.gov/sra/SRX2236044[accn]
Onthophagus taurus,ctrlRNAi_M-THE_S47,Indiana University,Transcriptomic assessment of interactions between doublesex and its target genes across sexes and tissues in horned beetles,269.4,,RNA-Seq,TRANSCRIPTOMIC,SRX2236043,https://www.ncbi.nlm.nih.gov/sra/SRX2236043[accn]
Onthophagus taurus,ctrlRNAi_M-THE_S46,Indiana University,Transcriptomic assessment of interactions between doublesex and its target genes across sexes and tissues in horned beetles,250.28,,RNA-Seq,TRANSCRIPTOMIC,SRX2236042,https://www.ncbi.nlm.nih.gov/sra/SRX2236042[accn]
Onthophagus taurus,ctrlRNAi_M-THE_S45,Indiana University,Transcriptomic assessment of interactions between doublesex and its target genes across sexes and tissues in horned beetles,255.41,,RNA-Seq,TRANSCRIPTOMIC,SRX2236041,https://www.ncbi.nlm.nih.gov/sra/SRX2236041[accn]
Onthophagus taurus,ctrlRNAi_M-THE_S44,Indiana University,Transcriptomic assessment of interactions between doublesex and its target genes across sexes and tissues in horned beetles,123.81,,RNA-Seq,TRANSCRIPTOMIC,SRX2236040,https://www.ncbi.nlm.nih.gov/sra/SRX2236040[accn]
Onthophagus taurus,ctrlRNAi_M-THE_S43,Indiana University,Transcriptomic assessment of interactions between doublesex and its target genes across sexes and tissues in horned beetles,250.55,,RNA-Seq,TRANSCRIPTOMIC,SRX2236039,https://www.ncbi.nlm.nih.gov/sra/SRX2236039[accn]
Onthophagus taurus,ctrlRNAi_F-THE_S42,Indiana University,Transcriptomic assessment of interactions between doublesex and its target genes across sexes and tissues in horned beetles,245.02,,RNA-Seq,TRANSCRIPTOMIC,SRX2236038,https://www.ncbi.nlm.nih.gov/sra/SRX2236038[accn]
Onthophagus taurus,ctrlRNAi_F-THE_S41,Indiana University,Transcriptomic assessment of interactions between doublesex and its target genes across sexes and tissues in horned beetles,403.92,,RNA-Seq,TRANSCRIPTOMIC,SRX2236037,https://www.ncbi.nlm.nih.gov/sra/SRX2236037[accn]
Onthophagus taurus,ctrlRNAi_F-THE_S40,Indiana University,Transcriptomic assessment of interactions between doublesex and its target genes across sexes and tissues in horned beetles,372.29,,RNA-Seq,TRANSCRIPTOMIC,SRX2236036,https://www.ncbi.nlm.nih.gov/sra/SRX2236036[accn]
Onthophagus taurus,ctrlRNAi_F-THE_S39,Indiana University,Transcriptomic assessment of interactions between doublesex and its target genes across sexes and tissues in horned beetles,403.72,,RNA-Seq,TRANSCRIPTOMIC,SRX2236035,https://www.ncbi.nlm.nih.gov/sra/SRX2236035[accn]
Onthophagus taurus,ctrlRNAi_F-THE_S38,Indiana University,Transcriptomic assessment of interactions between doublesex and its target genes across sexes and tissues in horned beetles,269.24,,RNA-Seq,TRANSCRIPTOMIC,SRX2236034,https://www.ncbi.nlm.nih.gov/sra/SRX2236034[accn]
Onthophagus taurus,ctrlRNAi_F-THE_S37,Indiana University,Transcriptomic assessment of interactions between doublesex and its target genes across sexes and tissues in horned beetles,244.81,,RNA-Seq,TRANSCRIPTOMIC,SRX2236033,https://www.ncbi.nlm.nih.gov/sra/SRX2236033[accn]
Onthophagus taurus,dsxRNAi_M-THE_S36,Indiana University,Transcriptomic assessment of interactions between doublesex and its target genes across sexes and tissues in horned beetles,258.4,,RNA-Seq,TRANSCRIPTOMIC,SRX2236032,https://www.ncbi.nlm.nih.gov/sra/SRX2236032[accn]
Onthophagus taurus,dsxRNAi_M-THE_S35,Indiana University,Transcriptomic assessment of interactions between doublesex and its target genes across sexes and tissues in horned beetles,539.95,,RNA-Seq,TRANSCRIPTOMIC,SRX2236031,https://www.ncbi.nlm.nih.gov/sra/SRX2236031[accn]
Onthophagus taurus,dsxRNAi_M-THE_S34,Indiana University,Transcriptomic assessment of interactions between doublesex and its target genes across sexes and tissues in horned beetles,259.11,,RNA-Seq,TRANSCRIPTOMIC,SRX2236030,https://www.ncbi.nlm.nih.gov/sra/SRX2236030[accn]
Onthophagus taurus,dsxRNAi_M-THE_S33,Indiana University,Transcriptomic assessment of interactions between doublesex and its target genes across sexes and tissues in horned beetles,197.41,,RNA-Seq,TRANSCRIPTOMIC,SRX2236029,https://www.ncbi.nlm.nih.gov/sra/SRX2236029[accn]
Onthophagus taurus,dsxRNAi_M-THE_S32,Indiana University,Transcriptomic assessment of interactions between doublesex and its target genes across sexes and tissues in horned beetles,463.29,,RNA-Seq,TRANSCRIPTOMIC,SRX2236028,https://www.ncbi.nlm.nih.gov/sra/SRX2236028[accn]
Onthophagus taurus,dsxRNAi_M-THE_S31,Indiana University,Transcriptomic assessment of interactions between doublesex and its target genes across sexes and tissues in horned beetles,220.23,,RNA-Seq,TRANSCRIPTOMIC,SRX2236027,https://www.ncbi.nlm.nih.gov/sra/SRX2236027[accn]
Onthophagus taurus,dsxRNAi_F-THE_S30,Indiana University,Transcriptomic assessment of interactions between doublesex and its target genes across sexes and tissues in horned beetles,229.36,,RNA-Seq,TRANSCRIPTOMIC,SRX2236026,https://www.ncbi.nlm.nih.gov/sra/SRX2236026[accn]
Onthophagus taurus,dsxRNAi_F-THE_S29,Indiana University,Transcriptomic assessment of interactions between doublesex and its target genes across sexes and tissues in horned beetles,412.2,,RNA-Seq,TRANSCRIPTOMIC,SRX2236025,https://www.ncbi.nlm.nih.gov/sra/SRX2236025[accn]
Onthophagus taurus,dsxRNAi_F-THE_S28,Indiana University,Transcriptomic assessment of interactions between doublesex and its target genes across sexes and tissues in horned beetles,267.59,,RNA-Seq,TRANSCRIPTOMIC,SRX2236024,https://www.ncbi.nlm.nih.gov/sra/SRX2236024[accn]
Onthophagus taurus,dsxRNAi_F-THE_S27,Indiana University,Transcriptomic assessment of interactions between doublesex and its target genes across sexes and tissues in horned beetles,259.61,,RNA-Seq,TRANSCRIPTOMIC,SRX2236023,https://www.ncbi.nlm.nih.gov/sra/SRX2236023[accn]
Onthophagus taurus,dsxRNAi_F-THE_S26,Indiana University,Transcriptomic assessment of interactions between doublesex and its target genes across sexes and tissues in horned beetles,240.31,,RNA-Seq,TRANSCRIPTOMIC,SRX2236022,https://www.ncbi.nlm.nih.gov/sra/SRX2236022[accn]
Onthophagus taurus,dsxRNAi_F-THE_S25,Indiana University,Transcriptomic assessment of interactions between doublesex and its target genes across sexes and tissues in horned beetles,237.28,,RNA-Seq,TRANSCRIPTOMIC,SRX2236021,https://www.ncbi.nlm.nih.gov/sra/SRX2236021[accn]
Onthophagus taurus,ctrlRNAi_M-BRN_S24,Indiana University,Transcriptomic assessment of interactions between doublesex and its target genes across sexes and tissues in horned beetles,253.49,,RNA-Seq,TRANSCRIPTOMIC,SRX2236020,https://www.ncbi.nlm.nih.gov/sra/SRX2236020[accn]
Onthophagus taurus,ctrlRNAi_M-BRN_S23,Indiana University,Transcriptomic assessment of interactions between doublesex and its target genes across sexes and tissues in horned beetles,255.1,,RNA-Seq,TRANSCRIPTOMIC,SRX2236019,https://www.ncbi.nlm.nih.gov/sra/SRX2236019[accn]
Onthophagus taurus,ctrlRNAi_M-BRN_S22,Indiana University,Transcriptomic assessment of interactions between doublesex and its target genes across sexes and tissues in horned beetles,269.06,,RNA-Seq,TRANSCRIPTOMIC,SRX2236018,https://www.ncbi.nlm.nih.gov/sra/SRX2236018[accn]
Onthophagus taurus,ctrlRNAi_M-BRN_S21,Indiana University,Transcriptomic assessment of interactions between doublesex and its target genes across sexes and tissues in horned beetles,261.28,,RNA-Seq,TRANSCRIPTOMIC,SRX2236017,https://www.ncbi.nlm.nih.gov/sra/SRX2236017[accn]
Onthophagus taurus,ctrlRNAi_M-BRN_S20,Indiana University,Transcriptomic assessment of interactions between doublesex and its target genes across sexes and tissues in horned beetles,250.78,,RNA-Seq,TRANSCRIPTOMIC,SRX2236016,https://www.ncbi.nlm.nih.gov/sra/SRX2236016[accn]
Onthophagus taurus,ctrlRNAi_M-BRN_S19,Indiana University,Transcriptomic assessment of interactions between doublesex and its target genes across sexes and tissues in horned beetles,264.37,,RNA-Seq,TRANSCRIPTOMIC,SRX2236015,https://www.ncbi.nlm.nih.gov/sra/SRX2236015[accn]
Onthophagus taurus,ctrlRNAi_F-BRN_S18,Indiana University,Transcriptomic assessment of interactions between doublesex and its target genes across sexes and tissues in horned beetles,269.34,,RNA-Seq,TRANSCRIPTOMIC,SRX2236014,https://www.ncbi.nlm.nih.gov/sra/SRX2236014[accn]
Onthophagus taurus,ctrlRNAi_F-BRN_S17,Indiana University,Transcriptomic assessment of interactions between doublesex and its target genes across sexes and tissues in horned beetles,258.11,,RNA-Seq,TRANSCRIPTOMIC,SRX2236013,https://www.ncbi.nlm.nih.gov/sra/SRX2236013[accn]
Onthophagus taurus,ctrlRNAi_F-BRN_S16,Indiana University,Transcriptomic assessment of interactions between doublesex and its target genes across sexes and tissues in horned beetles,295.66,,RNA-Seq,TRANSCRIPTOMIC,SRX2236012,https://www.ncbi.nlm.nih.gov/sra/SRX2236012[accn]
Onthophagus taurus,ctrlRNAi_F-BRN_S15,Indiana University,Transcriptomic assessment of interactions between doublesex and its target genes across sexes and tissues in horned beetles,256.68,,RNA-Seq,TRANSCRIPTOMIC,SRX2236011,https://www.ncbi.nlm.nih.gov/sra/SRX2236011[accn]
Onthophagus taurus,ctrlRNAi_F-BRN_S14,Indiana University,Transcriptomic assessment of interactions between doublesex and its target genes across sexes and tissues in horned beetles,384.33,,RNA-Seq,TRANSCRIPTOMIC,SRX2236010,https://www.ncbi.nlm.nih.gov/sra/SRX2236010[accn]
Onthophagus taurus,ctrlRNAi_F-BRN_S13,Indiana University,Transcriptomic assessment of interactions between doublesex and its target genes across sexes and tissues in horned beetles,231.61,,RNA-Seq,TRANSCRIPTOMIC,SRX2236009,https://www.ncbi.nlm.nih.gov/sra/SRX2236009[accn]
Onthophagus taurus,dsxRNAi_M-BRN_S12,Indiana University,Transcriptomic assessment of interactions between doublesex and its target genes across sexes and tissues in horned beetles,235.56,,RNA-Seq,TRANSCRIPTOMIC,SRX2236008,https://www.ncbi.nlm.nih.gov/sra/SRX2236008[accn]
Onthophagus taurus,dsxRNAi_M-BRN_S11,Indiana University,Transcriptomic assessment of interactions between doublesex and its target genes across sexes and tissues in horned beetles,448.46,,RNA-Seq,TRANSCRIPTOMIC,SRX2236007,https://www.ncbi.nlm.nih.gov/sra/SRX2236007[accn]
Onthophagus taurus,dsxRNAi_M-BRN_S10,Indiana University,Transcriptomic assessment of interactions between doublesex and its target genes across sexes and tissues in horned beetles,429.05,,RNA-Seq,TRANSCRIPTOMIC,SRX2236006,https://www.ncbi.nlm.nih.gov/sra/SRX2236006[accn]
Onthophagus taurus,dsxRNAi_M-BRN_S9,Indiana University,Transcriptomic assessment of interactions between doublesex and its target genes across sexes and tissues in horned beetles,387.59,,RNA-Seq,TRANSCRIPTOMIC,SRX2236005,https://www.ncbi.nlm.nih.gov/sra/SRX2236005[accn]
Onthophagus taurus,dsxRNAi_M-BRN_S8,Indiana University,Transcriptomic assessment of interactions between doublesex and its target genes across sexes and tissues in horned beetles,252.78,,RNA-Seq,TRANSCRIPTOMIC,SRX2236004,https://www.ncbi.nlm.nih.gov/sra/SRX2236004[accn]
Onthophagus taurus,dsxRNAi_M-BRN_S7,Indiana University,Transcriptomic assessment of interactions between doublesex and its target genes across sexes and tissues in horned beetles,204.8,,RNA-Seq,TRANSCRIPTOMIC,SRX2236003,https://www.ncbi.nlm.nih.gov/sra/SRX2236003[accn]
Onthophagus taurus,dsxRNAi_F-BRN_S6,Indiana University,Transcriptomic assessment of interactions between doublesex and its target genes across sexes and tissues in horned beetles,235.86,,RNA-Seq,TRANSCRIPTOMIC,SRX2236002,https://www.ncbi.nlm.nih.gov/sra/SRX2236002[accn]
Onthophagus taurus,dsxRNAi_F-BRN_S5,Indiana University,Transcriptomic assessment of interactions between doublesex and its target genes across sexes and tissues in horned beetles,256.66,,RNA-Seq,TRANSCRIPTOMIC,SRX2236001,https://www.ncbi.nlm.nih.gov/sra/SRX2236001[accn]
Onthophagus taurus,dsxRNAi_F-BRN_S4,Indiana University,Transcriptomic assessment of interactions between doublesex and its target genes across sexes and tissues in horned beetles,285.49,,RNA-Seq,TRANSCRIPTOMIC,SRX2236000,https://www.ncbi.nlm.nih.gov/sra/SRX2236000[accn]
Onthophagus taurus,dsxRNAi_F-BRN_S3,Indiana University,Transcriptomic assessment of interactions between doublesex and its target genes across sexes and tissues in horned beetles,301.94,,RNA-Seq,TRANSCRIPTOMIC,SRX2235999,https://www.ncbi.nlm.nih.gov/sra/SRX2235999[accn]
Onthophagus taurus,dsxRNAi_F-BRN_S2,Indiana University,Transcriptomic assessment of interactions between doublesex and its target genes across sexes and tissues in horned beetles,246.75,,RNA-Seq,TRANSCRIPTOMIC,SRX2235998,https://www.ncbi.nlm.nih.gov/sra/SRX2235998[accn]
Onthophagus taurus,dsxRNAi_F-BRN_S1,Indiana University,Transcriptomic assessment of interactions between doublesex and its target genes across sexes and tissues in horned beetles,227.32,,RNA-Seq,TRANSCRIPTOMIC,SRX2235997,https://www.ncbi.nlm.nih.gov/sra/SRX2235997[accn]
Onthophagus taurus,RNA sequencing of Onthophagus taurus whole organism sample OTAU.00-male,BCM,Onthophagus taurus RNAseq,7378.85,ICD_OTi5AM.Adult-large-Male-1_1pA,RNA-Seq,TRANSCRIPTOMIC,SRX910915,https://www.ncbi.nlm.nih.gov/sra/SRX910915[accn]
Onthophagus taurus,RNA sequencing of Onthophagus taurus whole organism sample OTAU.00-female,BCM,Onthophagus taurus RNAseq,6676.39,ICD_OTi5AM.Adult-Female-1_1pA,RNA-Seq,TRANSCRIPTOMIC,SRX910914,https://www.ncbi.nlm.nih.gov/sra/SRX910914[accn]
Onthophagus taurus,RNA sequencing of Onthophagus taurus whole organism sample OTAU.00-male-pupa,BCM,Onthophagus taurus RNAseq,6648.71,ICD_OTi5AM.pupa-large-male-1_1pA,RNA-Seq,TRANSCRIPTOMIC,SRX910913,https://www.ncbi.nlm.nih.gov/sra/SRX910913[accn]
Onthophagus taurus,WGS sequencing of Onthophagus taurus male,BCM,Onthophagus taurus Genome sequencing and assembly,2960.21,IWG_OTi5AM.OtMadult2-1_2pA_2,WGS,GENOMIC,SRX498134,https://www.ncbi.nlm.nih.gov/sra/SRX498134[accn]
Onthophagus taurus,WGS sequencing of Onthophagus taurus male,BCM,Onthophagus taurus Genome sequencing and assembly,575.16,IWG_OTi5AM.OtMadult2-1_2pA_1,WGS,GENOMIC,SRX498133,https://www.ncbi.nlm.nih.gov/sra/SRX498133[accn]
Onthophagus taurus,WGS sequencing of Onthophagus taurus male,BCM,Onthophagus taurus Genome sequencing and assembly,7463.08,IWG_OTi5AM.OtMadult2-1_3mA,RNA-Seq,TRANSCRIPTOMIC,SRX498132,https://www.ncbi.nlm.nih.gov/sra/SRX498132[accn]
Onthophagus taurus,WGS sequencing of Onthophagus taurus male,BCM,Onthophagus taurus Genome sequencing and assembly,10889.91,IWG_OTi5AM.OtMadult2-1_1pA,WGS,GENOMIC,SRX498131,https://www.ncbi.nlm.nih.gov/sra/SRX498131[accn]
Onthophagus taurus,WGS sequencing of Onthophagus taurus female,BCM,Onthophagus taurus Genome sequencing and assembly,3929.17,IWG_OTi5AM.OtFadult2-1_1mA,RNA-Seq,TRANSCRIPTOMIC,SRX497454,https://www.ncbi.nlm.nih.gov/sra/SRX497454[accn]
Onthophagus taurus,454 sequencing of Onthophagus taurus cDNA,Indiana University,Horned beetle Onthophagus taurus ESTs,1620.99,cdna,FL-cDNA,TRANSCRIPTOMIC,SRX016319,https://www.ncbi.nlm.nih.gov/sra/SRX016319[accn]
Onychothecus tridentigeris,OntriSTL10225,University of Helsinki,Historical DNA of Dung Beatles (Coleoptera:Scarabaeidae:Scarabaeinae),53.74,S694,Targeted-Capture,GENOMIC,SRX22207679,https://www.ncbi.nlm.nih.gov/sra/SRX22207679[accn]
Oxysternon conspicillatum,O.conspicillatum transcriptome,University of Quindio,Oxysternon conspicillatum Assembly,2060.6,Oxysternon_conspicillatum,RNA-Seq,TRANSCRIPTOMIC,SRX2035476,https://www.ncbi.nlm.nih.gov/sra/SRX2035476[accn]
Phanaeus dejeani,PdejPH043,University of Helsinki,Historical DNA of Dung Beatles (Coleoptera:Scarabaeidae:Scarabaeinae),350.97,S13736,Targeted-Capture,GENOMIC,SRX22207680,https://www.ncbi.nlm.nih.gov/sra/SRX22207680[accn]
Phanaeus vindex,Phanaeus vindex genome long reads,University of Tennessee,Phanaeus vindex isolate:Not applicable Genome sequencing,5670.44,PV_genome_ccs_reads,WGS,GENOMIC,SRX33635004,https://www.ncbi.nlm.nih.gov/sra/SRX33635004[accn]
Phanaeus vindex,Phaneaus vindex adult females,University of British Columbia,Transcriptomic responses of Phanaeus vindex to temperature fluctuation,2327.43,Low_E_001,RNA-Seq,TRANSCRIPTOMIC,SRX9235135,https://www.ncbi.nlm.nih.gov/sra/SRX9235135[accn]
Phanaeus vindex,Phaneaus vindex adult females,University of British Columbia,Transcriptomic responses of Phanaeus vindex to temperature fluctuation,2583.09,Low_D_001,RNA-Seq,TRANSCRIPTOMIC,SRX9235134,https://www.ncbi.nlm.nih.gov/sra/SRX9235134[accn]
Phanaeus vindex,Phaneaus vindex adult females,University of British Columbia,Transcriptomic responses of Phanaeus vindex to temperature fluctuation,2239.77,Low_C_001,RNA-Seq,TRANSCRIPTOMIC,SRX9235133,https://www.ncbi.nlm.nih.gov/sra/SRX9235133[accn]
Phanaeus vindex,Phaneaus vindex adult females,University of British Columbia,Transcriptomic responses of Phanaeus vindex to temperature fluctuation,2592.14,Low_B_001,RNA-Seq,TRANSCRIPTOMIC,SRX9235132,https://www.ncbi.nlm.nih.gov/sra/SRX9235132[accn]
Phanaeus vindex,Phaneaus vindex adult females,University of British Columbia,Transcriptomic responses of Phanaeus vindex to temperature fluctuation,2360.43,Low_A_001,RNA-Seq,TRANSCRIPTOMIC,SRX9235131,https://www.ncbi.nlm.nih.gov/sra/SRX9235131[accn]
Phanaeus vindex,Phaneaus vindex adult females,University of British Columbia,Transcriptomic responses of Phanaeus vindex to temperature fluctuation,2428.04,Cont_E_001,RNA-Seq,TRANSCRIPTOMIC,SRX9235130,https://www.ncbi.nlm.nih.gov/sra/SRX9235130[accn]
Phanaeus vindex,Phaneaus vindex adult females,University of British Columbia,Transcriptomic responses of Phanaeus vindex to temperature fluctuation,2311.39,Cont_D_001,RNA-Seq,TRANSCRIPTOMIC,SRX9235129,https://www.ncbi.nlm.nih.gov/sra/SRX9235129[accn]
Phanaeus vindex,Phaneaus vindex adult females,University of British Columbia,Transcriptomic responses of Phanaeus vindex to temperature fluctuation,2592.34,Cont_C_001,RNA-Seq,TRANSCRIPTOMIC,SRX9235128,https://www.ncbi.nlm.nih.gov/sra/SRX9235128[accn]
Phanaeus vindex,Phaneaus vindex adult females,University of British Columbia,Transcriptomic responses of Phanaeus vindex to temperature fluctuation,2560.41,High_E_001,RNA-Seq,TRANSCRIPTOMIC,SRX9235127,https://www.ncbi.nlm.nih.gov/sra/SRX9235127[accn]
Phanaeus vindex,Phaneaus vindex adult females,University of British Columbia,Transcriptomic responses of Phanaeus vindex to temperature fluctuation,2508.21,High_D_001,RNA-Seq,TRANSCRIPTOMIC,SRX9235126,https://www.ncbi.nlm.nih.gov/sra/SRX9235126[accn]
Phanaeus vindex,Phaneaus vindex adult females,University of British Columbia,Transcriptomic responses of Phanaeus vindex to temperature fluctuation,2951.51,High_C_001,RNA-Seq,TRANSCRIPTOMIC,SRX9235125,https://www.ncbi.nlm.nih.gov/sra/SRX9235125[accn]
Phanaeus vindex,Phaneaus vindex adult females,University of British Columbia,Transcriptomic responses of Phanaeus vindex to temperature fluctuation,3327.96,High_B_001,RNA-Seq,TRANSCRIPTOMIC,SRX9235124,https://www.ncbi.nlm.nih.gov/sra/SRX9235124[accn]
Phanaeus vindex,Phaneaus vindex adult females,University of British Columbia,Transcriptomic responses of Phanaeus vindex to temperature fluctuation,2609.91,High_A_001,RNA-Seq,TRANSCRIPTOMIC,SRX9235123,https://www.ncbi.nlm.nih.gov/sra/SRX9235123[accn]
Phanaeus vindex,Phaneaus vindex adult females,University of British Columbia,Transcriptomic responses of Phanaeus vindex to temperature fluctuation,2325.66,Cont_B_001,RNA-Seq,TRANSCRIPTOMIC,SRX9235122,https://www.ncbi.nlm.nih.gov/sra/SRX9235122[accn]
Phanaeus vindex,Phaneaus vindex adult females,University of British Columbia,Transcriptomic responses of Phanaeus vindex to temperature fluctuation,3124.15,Cont_A_001,RNA-Seq,TRANSCRIPTOMIC,SRX9235121,https://www.ncbi.nlm.nih.gov/sra/SRX9235121[accn]
Sarophorus costatus,SacosSTL10011,University of Helsinki,Historical DNA of Dung Beatles (Coleoptera:Scarabaeidae:Scarabaeinae),304.63,S4069,Targeted-Capture,GENOMIC,SRX22207682,https://www.ncbi.nlm.nih.gov/sra/SRX22207682[accn]
Scarabaeus hippias,SchipSTL10030,University of Helsinki,Historical DNA of Dung Beatles (Coleoptera:Scarabaeidae:Scarabaeinae),108.11,S3806,Targeted-Capture,GENOMIC,SRX22207683,https://www.ncbi.nlm.nih.gov/sra/SRX22207683[accn]
Scarabaeus westwoodi,ScwesSTL10034,University of Helsinki,Historical DNA of Dung Beatles (Coleoptera:Scarabaeidae:Scarabaeinae),31.59,S3815,Targeted-Capture,GENOMIC,SRX22207684,https://www.ncbi.nlm.nih.gov/sra/SRX22207684[accn]
Sisyphus australis,Siaus_STL13,University of Helsinki,Sisyphini Raw sequence reads,47.88,Saus_1,Targeted-Capture,GENOMIC,SRX23990346,https://www.ncbi.nlm.nih.gov/sra/SRX23990346[accn]
Sisyphus gazanus,Sigaz_STL9,University of Helsinki,Sisyphini Raw sequence reads,35.66,Sgaz_1,Targeted-Capture,GENOMIC,SRX23990335,https://www.ncbi.nlm.nih.gov/sra/SRX23990335[accn]
Sisyphus inconspicuus,Siinc_STL16,University of Helsinki,Sisyphini Raw sequence reads,130.35,Sinc_1,Targeted-Capture,GENOMIC,SRX23990336,https://www.ncbi.nlm.nih.gov/sra/SRX23990336[accn]
Sisyphus manni,Siman_STL15,University of Helsinki,Sisyphini Raw sequence reads,426.57,Sman_1,Targeted-Capture,GENOMIC,SRX23990347,https://www.ncbi.nlm.nih.gov/sra/SRX23990347[accn]
Sisyphus muricatus,Simur_STL5,University of Helsinki,Sisyphini Raw sequence reads,235.99,Smur_1,Targeted-Capture,GENOMIC,SRX23990344,https://www.ncbi.nlm.nih.gov/sra/SRX23990344[accn]
Sisyphus schaefferi,Sisyphus schaefferi Hi-C sequencing data,Genoscope,"Sisyphus schaefferi, genomic and transcriptomic data",61338.29,DKQ_AACP_DF,Hi-C,GENOMIC,ERX14899999,https://www.ncbi.nlm.nih.gov/sra/ERX14899999[accn]
Sisyphus schaefferi,Sisyphus schaefferi PACBIO HiFi sequencing,Genoscope,"Sisyphus schaefferi, genomic and transcriptomic data",5182.63,DKM_AAEP_DG,WGS,GENOMIC,ERX14899950,https://www.ncbi.nlm.nih.gov/sra/ERX14899950[accn]
Sisyphus schaefferi,Sisyphus schaefferi PACBIO HiFi sequencing,Genoscope,"Sisyphus schaefferi, genomic and transcriptomic data",9218.07,DKM_AAEP_DG,WGS,GENOMIC,ERX14899952,https://www.ncbi.nlm.nih.gov/sra/ERX14899952[accn]
Sisyphus schaefferi,Sisch_STL44,University of Helsinki,Sisyphini Raw sequence reads,169.4,Ssff_1,Targeted-Capture,GENOMIC,SRX23990342,https://www.ncbi.nlm.nih.gov/sra/SRX23990342[accn]
Sisyphus schaefferi,SischSTL44,University of Helsinki,Historical DNA of Dung Beatles (Coleoptera:Scarabaeidae:Scarabaeinae),169.4,S708,Targeted-Capture,GENOMIC,SRX22207687,https://www.ncbi.nlm.nih.gov/sra/SRX22207687[accn]
Sisyphus schaefferi,Raw reads from transcriptome sequencing of Sisyphus schaefferi,Zoological Research Museum Alexander Koenig,Transcriptome-based phylogeny of Scarabaeoidea,1391.56,ZFMK-DA-RNAL68,RNA-Seq,TRANSCRIPTOMIC,SRX19356008,https://www.ncbi.nlm.nih.gov/sra/SRX19356008[accn]
Sisyphus sordidus,Sisor_STL6,University of Helsinki,Sisyphini Raw sequence reads,311.74,Ssor_1,Targeted-Capture,GENOMIC,SRX23990343,https://www.ncbi.nlm.nih.gov/sra/SRX23990343[accn]
Sisyphus sordidus,SisorSTL6,University of Helsinki,Historical DNA of Dung Beatles (Coleoptera:Scarabaeidae:Scarabaeinae),311.74,S675,Targeted-Capture,GENOMIC,SRX22207688,https://www.ncbi.nlm.nih.gov/sra/SRX22207688[accn]
Sisyphus sp.,Sisy_STL42,University of Helsinki,Sisyphini Raw sequence reads,103.67,SL10_1,Targeted-Capture,GENOMIC,SRX23990340,https://www.ncbi.nlm.nih.gov/sra/SRX23990340[accn]
Sisyphus sp.,Sisy8_STL40,University of Helsinki,Sisyphini Raw sequence reads,444.53,SL8_1,Targeted-Capture,GENOMIC,SRX23990339,https://www.ncbi.nlm.nih.gov/sra/SRX23990339[accn]
Sisyphus sp.,Sisy6_STL23,University of Helsinki,Sisyphini Raw sequence reads,20.15,SL6_1,Targeted-Capture,GENOMIC,SRX23990338,https://www.ncbi.nlm.nih.gov/sra/SRX23990338[accn]
Sisyphus sp.,Sisy1_STL18,University of Helsinki,Sisyphini Raw sequence reads,502.02,SL1_1,Targeted-Capture,GENOMIC,SRX23990337,https://www.ncbi.nlm.nih.gov/sra/SRX23990337[accn]
Sisyphus spinipes,SispiSTL17,University of Helsinki,Historical DNA of Dung Beatles (Coleoptera:Scarabaeidae:Scarabaeinae),250.58,S681,Targeted-Capture,GENOMIC,SRX22207689,https://www.ncbi.nlm.nih.gov/sra/SRX22207689[accn]
Sisyphus umbraphilus,Siumb_STL10,University of Helsinki,Sisyphini Raw sequence reads,238.7,Sumb_1,Targeted-Capture,GENOMIC,SRX23990345,https://www.ncbi.nlm.nih.gov/sra/SRX23990345[accn]
Sulcophanaeus velutinus,SuvelSTL56,University of Helsinki,Historical DNA of Dung Beatles (Coleoptera:Scarabaeidae:Scarabaeinae),109.43,S4004,Targeted-Capture,GENOMIC,SRX22207690,https://www.ncbi.nlm.nih.gov/sra/SRX22207690[accn]
Synapsis davidis,RNA-seq reads of Synapsis davidis adult female,Jilin Agricultural University,Chromosome-level genome assembly of the dung beetle Synapsis davidis,2600.45,S_davidis_RNAseq,RNA-Seq,TRANSCRIPTOMIC,SRX33345109,https://www.ncbi.nlm.nih.gov/sra/SRX33345109[accn]
Synapsis davidis,Hi-C reads of Synapsis davidis adult female,Jilin Agricultural University,Chromosome-level genome assembly of the dung beetle Synapsis davidis,51979.64,S_davidis_HiC,Hi-C,GENOMIC,SRX33345108,https://www.ncbi.nlm.nih.gov/sra/SRX33345108[accn]
Synapsis davidis,PacBio HiFi reads of Synapsis davidis adult female,Jilin Agricultural University,Chromosome-level genome assembly of the dung beetle Synapsis davidis,26770.03,S_davidis_HiFi,WGS,GENOMIC,SRX33345107,https://www.ncbi.nlm.nih.gov/sra/SRX33345107[accn]
Synapsis davidis,Illumina WGS reads of Synapsis davidis adult female,Jilin Agricultural University,Chromosome-level genome assembly of the dung beetle Synapsis davidis,17406.39,S_davidis_WGS_Illumina,WGS,GENOMIC,SRX33345106,https://www.ncbi.nlm.nih.gov/sra/SRX33345106[accn]
Tesserodon intricatum,TeintCOL3114,University of Helsinki,Historical DNA of Dung Beatles (Coleoptera:Scarabaeidae:Scarabaeinae),83.99,S3890,Targeted-Capture,GENOMIC,SRX22207691,https://www.ncbi.nlm.nih.gov/sra/SRX22207691[accn]
Xinidium dewitzi,XidewSTL10008,University of Helsinki,Historical DNA of Dung Beatles (Coleoptera:Scarabaeidae:Scarabaeinae),44.11,S4083,Targeted-Capture,GENOMIC,SRX22207694,https://www.ncbi.nlm.nih.gov/sra/SRX22207694[accn]